Ticket,Symbol,Type,Volume_Lots,Open_Price,Close_Price,SL,TP,Open_Time,Close_Time,PnL,Outcome,Model_Source,Regime,Timeframe
4b01e949e0923bf8,USDCAD,BUY,,1.38293,1.3833,1.380835635,1.38705873,2026-03-26T13:31:47+00:00,2026-03-26T16:17:55+00:00,0.27,take_profit,MT5_BACKFILL,UNKNOWN,
661fca2a9f7c2657,UK100.cash,BUY,,10008.15,9995.5,9988.1337,10078.207049999999,2026-03-26T13:31:54+00:00,2026-03-26T13:54:38+00:00,-25.35,stop_loss,MT5_BACKFILL,UNKNOWN,
6de83580763f242b,AUDUSD,SELL,,0.69371,0.69165,0.6947705949999999,0.69164881,2026-03-26T13:32:01+00:00,2026-03-26T14:52:02+00:00,306.94,take_profit,MT5_BACKFILL,UNKNOWN,
e525dfb63e502af2,USDJPY,BUY,,159.452,159.555,159.210825,160.0479375,2026-03-26T13:32:08+00:00,2026-03-26T16:15:55+00:00,0.65,take_profit,MT5_BACKFILL,UNKNOWN,
3992736bd8423a4d,GBPUSD,SELL,,1.336,1.33279,1.33802403,1.331009925,2026-03-26T13:32:15+00:00,2026-03-26T15:57:18+00:00,3.21,take_profit,MT5_BACKFILL,UNKNOWN,
6e7d209578adb953,NZDUSD,SELL,,0.57896,0.57725,0.5798484700000001,0.57724306,2026-03-26T13:32:22+00:00,2026-03-26T15:00:09+00:00,256.5,take_profit,MT5_BACKFILL,UNKNOWN,
fd021bbeb1c4e2bc,UK100.cash,SELL,,9998.0,10017.95,10017.996,9928.014,2026-03-26T13:59:06+00:00,2026-03-26T17:16:10+00:00,-39.99,stop_loss,MT5_BACKFILL,UNKNOWN,
20fa5d0a36c3ff0d,US100.cash,SELL,,23968.15,24017.38,24016.286699999997,23800.571549999997,2026-03-26T13:59:13+00:00,2026-03-26T16:53:58+00:00,-73.85,stop_loss,MT5_BACKFILL,UNKNOWN,
314f2f88bf2084b6,GBPUSD,BUY,,1.33319,1.33573,1.3311602599999999,1.33815935,2026-03-26T16:00:19+00:00,2026-03-26T18:21:21+00:00,5.08,take_profit,MT5_BACKFILL,UNKNOWN,
7b253f8b64d89397,GBPCHF,BUY,,1.05758,1.05861,1.05936667,1.053813325,2026-03-26T16:04:59+00:00,2026-03-26T16:30:36+00:00,-1.07,take_profit,MT5_BACKFILL,UNKNOWN,
06b80a53cf74304a,US100.cash,BUY,,23889.58,23840.43,23841.50144,24056.50496,2026-03-26T18:05:07+00:00,2026-03-26T19:16:38+00:00,-73.73,stop_loss,MT5_BACKFILL,UNKNOWN,
2d1426e27e757e4d,GBPCHF,BUY,,1.05995,1.05943,1.058320135,1.0638846624999998,2026-03-26T18:05:14+00:00,2026-03-26T22:32:11+00:00,-98.05,stop_loss,MT5_BACKFILL,UNKNOWN,
778eb534ec1caf0c,UK100.cash,SELL,,9977.8,9948.15,9998.256599999999,9908.4519,2026-03-26T18:17:44+00:00,2026-03-26T22:32:09+00:00,59.24,take_profit,MT5_BACKFILL,UNKNOWN,
05c1e5122d9f7584,NZDUSD,SELL,,0.57798,0.5769,0.5788669999999999,0.576266,2026-03-26T18:17:51+00:00,2026-03-26T19:51:18+00:00,1.08,take_profit,MT5_BACKFILL,UNKNOWN,
6d494c61f3a4f2cb,GBPUSD,SELL,,1.33238,1.33187,1.3343785700000002,1.327383575,2026-03-26T21:07:10+00:00,2026-03-26T22:32:04+00:00,47.94,take_profit,MT5_BACKFILL,UNKNOWN,
de89d71064e1ceee,USDJPY,BUY,,159.77,159.812,159.528348,160.36713,2026-03-26T21:58:29+00:00,2026-03-26T22:32:06+00:00,39.42,take_profit,MT5_BACKFILL,UNKNOWN,
66e62f14f6ea531f,GBPCHF,BUY,,1.05991,1.05969,1.057240275,1.0638645875,2026-03-27T02:48:38+00:00,2026-03-27T14:50:34+00:00,-8.28,stop_loss,MT5_BACKFILL,UNKNOWN,
1527b8e08efdf714,USDJPY,BUY,,159.865,159.923,159.622207,160.4614825,2026-03-27T14:50:34+00:00,2026-03-27T15:34:51+00:00,54.4,take_profit,MT5_BACKFILL,UNKNOWN,
af7a58ad4eb9452d,GBPUSD,BUY,,1.32474,1.32275,1.32275289,1.3307013300000001,2026-03-31T21:17:28+00:00,2026-03-31T21:53:51+00:00,-7.52,stop_loss,MT5_BACKFILL,UNKNOWN,
85c9f32332d9c10a,AUDUSD,BUY,,0.68931,0.68928,0.688276035,0.69137793,2026-03-31T21:17:21+00:00,2026-03-31T21:57:40+00:00,-0.18,stop_loss,MT5_BACKFILL,UNKNOWN,
9d17054d72a4b9bf,USDJPY,BUY,,158.827,158.858,158.589758,159.54272600000002,2026-03-31T21:17:35+00:00,2026-03-31T21:57:22+00:00,1.77,take_profit,MT5_BACKFILL,UNKNOWN,
bc3b9407cb9fcfbf,NZDUSD,BUY,,0.5739,0.57394,0.5730391499999999,0.5756217,2026-03-31T21:17:42+00:00,2026-03-31T21:57:26+00:00,0.27,take_profit,MT5_BACKFILL,UNKNOWN,
cf422f70dbb401f4,XAUUSD,BUY,,4667.76,4670.0,4653.74675,4702.758125,2026-03-31T21:17:49+00:00,2026-03-31T21:57:34+00:00,1.69,take_profit,MT5_BACKFILL,UNKNOWN,
89f3c4f511acb68f,GBPCHF,BUY,,1.05978,1.059,1.05713055,1.063754175,2026-03-31T21:17:56+00:00,2026-03-31T21:57:24+00:00,-5.16,stop_loss,MT5_BACKFILL,UNKNOWN,
cf3faf1a9ec14fa9,USDCAD,BUY,,1.3933,1.39338,1.39121005,1.3974799,2026-03-31T21:18:03+00:00,2026-03-31T21:57:36+00:00,0.78,take_profit,MT5_BACKFILL,UNKNOWN,
02a486e990a4bc7a,BTCUSD,BUY,,67870.18,67720.64,67530.82909999999,68718.55725,2026-03-31T21:18:10+00:00,2026-03-31T21:57:32+00:00,-2.26,stop_loss,MT5_BACKFILL,UNKNOWN,
3287d504e155c576,US100.cash,BUY,,23652.78,23680.73,23605.57424,23842.10304,2026-03-31T21:18:17+00:00,2026-03-31T21:57:19+00:00,2.5300000000000002,take_profit,MT5_BACKFILL,UNKNOWN,
47549901c45663ba,EURUSD,BUY,,1.15495,1.15449,1.153217575,1.160147275,2026-03-31T21:18:24+00:00,2026-03-31T21:57:28+00:00,-2.7800000000000002,stop_loss,MT5_BACKFILL,UNKNOWN,
963f50b00cba3ad5,ETHUSD,BUY,,2102.73,2095.73,2092.21635,2129.014125,2026-03-31T21:23:59+00:00,2026-03-31T21:57:30+00:00,-3.17,stop_loss,MT5_BACKFILL,UNKNOWN,
ee981a2e347e108d,USDCAD,BUY,,1.39352,1.39137,1.39140975,1.3976804999999999,2026-03-31T21:59:41+00:00,2026-03-31T22:57:02+00:00,-17.51,stop_loss,MT5_BACKFILL,UNKNOWN,
6e93b25e075c5b3c,AUDUSD,BUY,,0.68904,0.68987,0.68800644,0.69110712,2026-03-31T21:59:48+00:00,2026-03-31T22:40:55+00:00,4.39,take_profit,MT5_BACKFILL,UNKNOWN,
27ba1d8691e16f6f,USDJPY,BUY,,158.893,158.75,158.655659,159.609023,2026-03-31T22:00:02+00:00,2026-03-31T22:40:57+00:00,-6.8100000000000005,stop_loss,MT5_BACKFILL,UNKNOWN,
3f7e42f0db1254dd,NZDUSD,BUY,,0.57465,0.57379,0.573788025,0.57637395,2026-03-31T22:52:32+00:00,2026-04-01T00:25:56+00:00,-5.85,stop_loss,MT5_BACKFILL,UNKNOWN,
ab4b1dfea6c9a045,GBPUSD,BUY,,1.32284,1.3244,1.32085574,1.3287927800000001,2026-03-31T21:59:34+00:00,2026-04-01T03:53:04+00:00,4.71,take_profit,MT5_BACKFILL,UNKNOWN,
04ae4ac410979114,BTCUSD,BUY,,67816.01,68221.52,67471.63655,68658.323625,2026-03-31T21:59:55+00:00,2026-04-01T03:53:11+00:00,6.12,take_profit,MT5_BACKFILL,UNKNOWN,
29a8aa877d7448f4,AUDUSD,BUY,,0.69012,0.69221,0.6890848199999999,0.69219036,2026-03-31T23:44:39+00:00,2026-04-01T03:04:56+00:00,11.05,take_profit,MT5_BACKFILL,UNKNOWN,
5c2ac76ea5de5b55,EURUSD,BUY,,1.15577,1.1572,1.154036345,1.160970965,2026-04-01T01:42:05+00:00,2026-04-01T03:53:18+00:00,10.8,take_profit,MT5_BACKFILL,UNKNOWN,
0e0ae62a8ccaa2ad,JP225.cash,BUY,,53012.27,52799.73,52800.22092,53330.34362,2026-04-01T02:03:04+00:00,2026-04-01T02:44:49+00:00,-6.28,stop_loss,MT5_BACKFILL,UNKNOWN,
61acdfc49581626e,JP225.cash,BUY,,52767.0,52882.0,52555.932,53083.602,2026-04-01T03:34:17+00:00,2026-04-01T03:53:08+00:00,1.8599999999999999,take_profit,MT5_BACKFILL,UNKNOWN,
27b2cf0295d92219,AUDUSD,BUY,,0.69252,0.69255,0.69148122,0.6945975600000001,2026-04-01T03:40:13+00:00,2026-04-01T03:53:03+00:00,0.16,take_profit,MT5_BACKFILL,UNKNOWN,
6d975e9bbe2f5374,NZDUSD,BUY,,0.57582,0.57539,0.57495627,0.57754746,2026-04-01T03:48:49+00:00,2026-04-01T03:53:16+00:00,-3.57,stop_loss,MT5_BACKFILL,UNKNOWN,
36759330993066c3,USDCAD,BUY,,1.38987,1.38992,1.387785195,1.3940396099999999,2026-04-01T03:48:56+00:00,2026-04-01T03:53:10+00:00,0.41,take_profit,MT5_BACKFILL,UNKNOWN,
20d90148bdc3ee7e,BTCUSD,BUY,,68266.23,67926.9,67927.456,69122.16,2026-04-01T03:55:09+00:00,2026-04-01T04:34:35+00:00,-5.13,stop_loss,MT5_BACKFILL,UNKNOWN,
c01e4672b7e52ed3,AUDUSD,BUY,,0.69272,0.69168,0.69168092,0.69479816,2026-04-01T03:55:16+00:00,2026-04-01T04:05:42+00:00,-5.5,stop_loss,MT5_BACKFILL,UNKNOWN,
2db5ac4bf1a31b3e,GBPUSD,BUY,,1.32462,1.32263,1.32263307,1.33058079,2026-04-01T03:55:23+00:00,2026-04-01T04:05:51+00:00,-6.02,stop_loss,MT5_BACKFILL,UNKNOWN,
50d1126b1a46f6d3,EURUSD,BUY,,1.1574,1.15565,1.1556639,1.1626083,2026-04-01T03:55:44+00:00,2026-04-01T04:38:14+00:00,-10.59,stop_loss,MT5_BACKFILL,UNKNOWN,
8fc8eb11722c1d01,JP225.cash,BUY,,53014.5,52799.5,52799.952,53330.072,2026-04-01T04:01:17+00:00,2026-04-01T04:06:08+00:00,-7.27,stop_loss,MT5_BACKFILL,UNKNOWN,
222c62ce72def7e4,AUDUSD,BUY,,0.69229,0.69125,0.691251565,0.69436687,2026-04-01T04:10:35+00:00,2026-04-01T04:46:18+00:00,-7.08,stop_loss,MT5_BACKFILL,UNKNOWN,
8ce7077730432d72,NZDUSD,BUY,,0.5749,0.574,0.57403765,0.5766247,2026-04-01T04:12:50+00:00,2026-04-01T04:45:28+00:00,-6.8100000000000005,stop_loss,MT5_BACKFILL,UNKNOWN,
54d39e64b008c385,ETHUSD,BUY,,2101.02,2089.91,2090.5149,2127.28275,2026-04-01T04:20:39+00:00,2026-04-01T04:35:29+00:00,-4.2,stop_loss,MT5_BACKFILL,UNKNOWN,
2e47806890312318,JP225.cash,BUY,,53020.5,53178.5,52938.473,53177.054,2026-04-01T04:35:20+00:00,2026-04-01T05:01:34+00:00,5.11,take_profit,MT5_BACKFILL,UNKNOWN,
4817b26a10d65e64,JP225.cash,BUY,,53270.5,53188.5,53190.59425,53430.3115,2026-04-01T05:05:10+00:00,2026-04-01T05:07:37+00:00,-2.77,stop_loss,MT5_BACKFILL,UNKNOWN,
5e94ab3add3c51b7,JP225.cash,BUY,,53143.0,53058.5,53063.2855,53302.429,2026-04-01T05:13:18+00:00,2026-04-01T05:38:11+00:00,-2.86,stop_loss,MT5_BACKFILL,UNKNOWN,
a1f6e65cf1b2c812,AUDUSD,BUY,,0.69122,0.69018,0.69018317,0.6932936599999999,2026-04-01T04:52:40+00:00,2026-04-01T06:46:41+00:00,-5.5,stop_loss,MT5_BACKFILL,UNKNOWN,
0dd93faab0b21e5b,NZDUSD,BUY,,0.57461,0.57376,0.573748085,0.5763338299999999,2026-04-01T05:06:48+00:00,2026-04-01T06:00:28+00:00,-6.42,stop_loss,MT5_BACKFILL,UNKNOWN,
925b647c86dcf92e,JP225.cash,BUY,,53078.0,53240.5,52998.383,53237.234,2026-04-01T05:44:42+00:00,2026-04-01T06:32:38+00:00,5.42,take_profit,MT5_BACKFILL,UNKNOWN,
f7c763f2a61faf17,USDJPY,BUY,,158.736,158.497,158.49689750000002,159.4493075,2026-04-01T03:52:08+00:00,2026-04-01T09:26:38+00:00,-10.22,stop_loss,MT5_BACKFILL,UNKNOWN,
2bbab49eeac3da1d,GBPUSD,BUY,,1.32356,1.32755,1.32157466,1.32753068,2026-04-01T04:10:28+00:00,2026-04-01T09:23:35+00:00,15.03,take_profit,MT5_BACKFILL,UNKNOWN,
0291ae5b3ddf0de0,BTCUSD,BUY,,67876.83,68731.12,67537.4558,68725.3005,2026-04-01T04:40:20+00:00,2026-04-01T08:26:23+00:00,12.89,take_profit,MT5_BACKFILL,UNKNOWN,
f95e9c038d65aa02,EURUSD,BUY,,1.15563,1.15913,1.153896555,1.1590968899999998,2026-04-01T04:42:31+00:00,2026-04-01T09:31:15+00:00,23.7,take_profit,MT5_BACKFILL,UNKNOWN,
1af07048a2aa0e8c,NZDUSD,BUY,,0.57312,0.57484,0.5722603199999999,0.5748393599999999,2026-04-01T06:48:20+00:00,2026-04-01T09:21:31+00:00,12.96,take_profit,MT5_BACKFILL,UNKNOWN,
cc5d4a3aec37518d,AUDUSD,BUY,,0.69054,0.69262,0.6895041900000001,0.6926116200000001,2026-04-01T06:55:27+00:00,2026-04-01T09:27:35+00:00,14.09,take_profit,MT5_BACKFILL,UNKNOWN,
04ec0a61383cfb99,XAUUSD,BUY,,4673.3,4687.39,4666.2900500000005,4687.3199,2026-04-01T07:21:53+00:00,2026-04-01T08:19:30+00:00,10.63,take_profit,MT5_BACKFILL,UNKNOWN,
42f4d9b0b51e113f,JP225.cash,BUY,,53371.0,53536.0,53290.9435,53531.113,2026-04-01T07:59:30+00:00,2026-04-01T08:30:50+00:00,5.96,take_profit,MT5_BACKFILL,UNKNOWN,
7cbb198f690229ac,ETHUSD,BUY,,2125.55,2152.31,2114.92225,2152.119375,2026-04-01T08:31:28+00:00,2026-04-01T09:44:17+00:00,12.09,take_profit,MT5_BACKFILL,UNKNOWN,
89170c7e5afa3673,JP225.cash,BUY,,53608.0,53525.5,53527.588,53768.824,2026-04-01T08:34:52+00:00,2026-04-01T08:36:36+00:00,-3.14,stop_loss,MT5_BACKFILL,UNKNOWN,
839a02986a683671,JP225.cash,BUY,,53553.0,53715.73,53472.6705,53713.659,2026-04-01T08:56:50+00:00,2026-04-01T09:24:15+00:00,6.11,take_profit,MT5_BACKFILL,UNKNOWN,
b5585835381ce2aa,GBPUSD,BUY,,1.32851,1.32652,1.326517235,1.33249553,2026-04-01T09:27:27+00:00,2026-04-01T10:49:26+00:00,-13.5,stop_loss,MT5_BACKFILL,UNKNOWN,
7bab06b9151f583b,AUDUSD,BUY,,0.69258,0.69462,0.6915011900000001,0.69461762,2026-04-01T09:29:39+00:00,2026-04-01T10:00:01+00:00,16.88,take_profit,MT5_BACKFILL,UNKNOWN,
e101cb737f2560be,NZDUSD,BUY,,0.57618,0.57532,0.57531573,0.57790854,2026-04-01T09:33:56+00:00,2026-04-01T10:53:26+00:00,-9.07,stop_loss,MT5_BACKFILL,UNKNOWN,
08d4a8720f724fb7,ETHUSD,BUY,,2148.48,2137.64,2137.7376,2175.3360000000002,2026-04-01T10:16:05+00:00,2026-04-01T10:20:19+00:00,-8.97,stop_loss,MT5_BACKFILL,UNKNOWN,
8c06af002c20ef5f,JP225.cash,BUY,,54055.5,53970.5,53974.41675,54217.6665,2026-04-01T10:41:40+00:00,2026-04-01T10:50:06+00:00,-3.68,stop_loss,MT5_BACKFILL,UNKNOWN,
4029d16c7f1e2447,EURUSD,SELL,,1.15847,1.16025,1.1602477649999998,1.15503447,2026-04-01T10:56:38+00:00,2026-04-01T11:30:00+00:00,-6.7,stop_loss,MT5_BACKFILL,UNKNOWN,
7e5da626e0d2be2c,NZDUSD,BUY,,0.5752,0.57695,0.5743372,0.5769256,2026-04-01T10:59:01+00:00,2026-04-01T11:31:51+00:00,15.8,take_profit,MT5_BACKFILL,UNKNOWN,
e6d1882d261e9b79,JP225.cash,BUY,,53790.5,53708.5,53709.81425,53951.8715,2026-04-01T10:59:08+00:00,2026-04-01T11:01:14+00:00,-3.39,stop_loss,MT5_BACKFILL,UNKNOWN,
00ed7d6249ec6b44,XAUUSD,BUY,,4724.82,4717.66,4717.7627250000005,4739.02455,2026-04-01T11:03:38+00:00,2026-04-01T11:07:39+00:00,-5.39,stop_loss,MT5_BACKFILL,UNKNOWN,
6ce4f290f0d0edf3,JP225.cash,BUY,,53718.5,53880.5,53637.92225,53879.6555,2026-04-01T11:13:30+00:00,2026-04-01T11:22:37+00:00,6.77,take_profit,MT5_BACKFILL,UNKNOWN,
ed6d35cfc55799b0,XAUUSD,BUY,,4717.72,4732.29,4710.64342,4731.87316,2026-04-01T11:13:37+00:00,2026-04-01T11:25:37+00:00,10.97,take_profit,MT5_BACKFILL,UNKNOWN,
3f54517bfb107133,GBPUSD,BUY,,1.32714,1.33114,1.32514929,1.3311214199999999,2026-04-01T10:56:31+00:00,2026-04-01T13:22:00+00:00,48.08,take_profit,MT5_BACKFILL,UNKNOWN,
99a15b60c7aa6e1c,JP225.cash,BUY,,53653.5,53818.5,53573.01975,53814.4605,2026-04-01T12:20:36+00:00,2026-04-01T12:48:08+00:00,6.57,take_profit,MT5_BACKFILL,UNKNOWN,
b034258de4c480b7,XAUUSD,BUY,,4716.08,4730.25,4709.02585,4730.2483,2026-04-01T12:20:50+00:00,2026-04-01T13:30:37+00:00,10.64,take_profit,MT5_BACKFILL,UNKNOWN,
ae0218674121c40d,US100.cash,BUY,,23878.25,23949.75,23842.432625,23949.88475,2026-04-01T13:11:40+00:00,2026-04-01T13:50:00+00:00,13.43,take_profit,MT5_BACKFILL,UNKNOWN,
5f2fd50efea77c45,GBPCHF,BUY,,1.0557,1.05419,1.05306075,1.059658875,2026-04-01T03:55:30+00:00,2026-04-01T14:04:56+00:00,-10.03,stop_loss,MT5_BACKFILL,UNKNOWN,
298fef2ed1b92830,USDCAD,BUY,,1.38998,1.38947,1.38789503,1.39414994,2026-04-01T03:55:37+00:00,2026-04-01T15:08:18+00:00,-3.58,stop_loss,MT5_BACKFILL,UNKNOWN,
78eda0892cc1f759,USDJPY,BUY,,158.486,158.37,158.248271,158.961458,2026-04-01T09:27:20+00:00,2026-04-01T15:08:23+00:00,-6.05,stop_loss,MT5_BACKFILL,UNKNOWN,
3a683c05df4fcac7,BTCUSD,BUY,,68651.42,68539.4,68308.18280000001,69509.583,2026-04-01T10:59:15+00:00,2026-04-01T15:08:09+00:00,-2.52,stop_loss,MT5_BACKFILL,UNKNOWN,
40300a97dfa6db66,AUDUSD,BUY,,0.69364,0.69572,0.69259954,0.6957209200000001,2026-04-01T11:05:59+00:00,2026-04-01T14:45:34+00:00,15.62,take_profit,MT5_BACKFILL,UNKNOWN,
5b0480428d76f5be,NZDUSD,BUY,,0.5765,0.5772,0.57563525,0.5782295000000001,2026-04-01T12:03:27+00:00,2026-04-01T15:07:58+00:00,6.31,take_profit,MT5_BACKFILL,UNKNOWN,
f6990e9d04e40918,HK50.cash,BUY,,25228.12,25316.78,25125.713519999998,25377.97972,2026-04-01T12:20:43+00:00,2026-04-01T15:08:19+00:00,0.09,take_profit,MT5_BACKFILL,UNKNOWN,
c7a06503f0904fe8,UK100.cash,BUY,,10338.15,10376.8,10296.7974,10400.178899999999,2026-04-01T12:20:57+00:00,2026-04-01T15:08:11+00:00,17.39,take_profit,MT5_BACKFILL,UNKNOWN,
432d13875a22e97e,EURUSD,BUY,,1.15872,1.16039,1.15698192,1.16219616,2026-04-01T12:21:04+00:00,2026-04-01T15:08:14+00:00,13.79,take_profit,MT5_BACKFILL,UNKNOWN,
2502091efc016887,ETHUSD,BUY,,2131.31,2132.45,2120.65345,2157.951375,2026-04-01T12:28:04+00:00,2026-04-01T15:08:15+00:00,0.6,take_profit,MT5_BACKFILL,UNKNOWN,
d9ce11674c7b42a7,GBPUSD,BUY,,1.33087,1.33212,1.328873695,1.33486261,2026-04-01T13:33:39+00:00,2026-04-01T15:07:54+00:00,6.57,take_profit,MT5_BACKFILL,UNKNOWN,
d23984e36bb9f77a,XAUUSD,BUY,,4732.69,4746.91,4725.590964999999,4746.88807,2026-04-01T13:41:57+00:00,2026-04-01T14:30:48+00:00,10.68,take_profit,MT5_BACKFILL,UNKNOWN,
c16d74c38b06184c,GBPCHF,BUY,,1.05504,1.05473,1.0524024,1.0589964,2026-04-01T14:49:27+00:00,2026-04-01T15:08:28+00:00,-2.94,stop_loss,MT5_BACKFILL,UNKNOWN,
8ce5439edbe07fcf,US100.cash,BUY,,23997.85,24002.25,23961.653525,24069.64295,2026-04-01T14:49:35+00:00,2026-04-01T15:08:02+00:00,0.8,take_profit,MT5_BACKFILL,UNKNOWN,
a93e3423931818b1,XAUUSD,BUY,,4756.25,4748.93,4749.12561,4770.528780000001,2026-04-01T14:49:42+00:00,2026-04-01T15:04:23+00:00,-5.49,stop_loss,MT5_BACKFILL,UNKNOWN,
c59c7a5001e28454,AUDUSD,BUY,,0.69581,0.69526,0.694766285,0.69789743,2026-04-01T14:54:59+00:00,2026-04-01T15:08:21+00:00,-4.54,stop_loss,MT5_BACKFILL,UNKNOWN,
42f4d2174f73107f,GBPUSD,BUY,,1.33214,1.33013,1.3301417899999999,1.3361364199999999,2026-04-01T15:10:24+00:00,2026-04-01T15:26:13+00:00,-12.09,stop_loss,MT5_BACKFILL,UNKNOWN,
dc952b5c09e2075c,NZDUSD,BUY,,0.57728,0.57641,0.57641408,0.57901184,2026-04-01T15:10:38+00:00,2026-04-01T15:26:04+00:00,-9.15,stop_loss,MT5_BACKFILL,UNKNOWN,
931b325ac64f0c60,XAUUSD,BUY,,4743.52,4736.35,4736.374765,4757.72047,2026-04-01T15:11:06+00:00,2026-04-01T15:19:41+00:00,-5.38,stop_loss,MT5_BACKFILL,UNKNOWN,
dce7459540c2c496,US100.cash,BUY,,23986.75,23950.55,23950.670025000003,24058.609950000002,2026-04-01T15:14:07+00:00,2026-04-01T15:26:50+00:00,-6.8,stop_loss,MT5_BACKFILL,UNKNOWN,
315076952bb0ad19,AUDUSD,BUY,,0.69532,0.69428,0.69427702,0.6974059600000001,2026-04-01T15:14:23+00:00,2026-04-01T15:51:49+00:00,-8.6,stop_loss,MT5_BACKFILL,UNKNOWN,
a60dfb3bcebb42bd,XAUUSD,BUY,,4734.29,4748.58,4727.268445,4748.57311,2026-04-01T15:29:29+00:00,2026-04-01T15:35:55+00:00,10.74,take_profit,MT5_BACKFILL,UNKNOWN,
3dbab6ee6e78317e,ETHUSD,BUY,,2131.91,2121.02,2121.25045,2158.5588749999997,2026-04-01T15:32:14+00:00,2026-04-01T15:37:00+00:00,-7.37,stop_loss,MT5_BACKFILL,UNKNOWN,
93abf6f319b07747,US100.cash,BUY,,23960.15,23924.25,23924.509325,24032.33135,2026-04-01T15:32:21+00:00,2026-04-01T15:38:12+00:00,-6.21,stop_loss,MT5_BACKFILL,UNKNOWN,
dd24b54f554937bc,US100.cash,BUY,,23939.15,24036.75,23903.241275,24010.96745,2026-04-01T15:41:51+00:00,2026-04-01T15:44:57+00:00,16.86,take_profit,MT5_BACKFILL,UNKNOWN,
ea571598962f4437,XAUUSD,BUY,,4735.77,4751.2,4728.666345000001,4749.97731,2026-04-01T15:42:06+00:00,2026-04-01T15:44:57+00:00,11.58,take_profit,MT5_BACKFILL,UNKNOWN,
cb4af8618163b6ee,US100.cash,BUY,,23921.85,23886.95,23887.065575,23994.71885,2026-04-01T15:48:31+00:00,2026-04-01T15:51:55+00:00,-5.77,stop_loss,MT5_BACKFILL,UNKNOWN,
134f0a53fbaf1e58,XAUUSD,BUY,,4736.34,4729.26,4729.23549,4750.54902,2026-04-01T15:48:38+00:00,2026-04-01T15:51:42+00:00,-5.32,stop_loss,MT5_BACKFILL,UNKNOWN,
c61f4dc76d5af36e,BTCUSD,BUY,,68506.2,68159.9,68161.9178,69360.7455,2026-04-01T15:10:31+00:00,2026-04-01T16:06:57+00:00,-10.42,stop_loss,MT5_BACKFILL,UNKNOWN,
0f919e781784517f,UK100.cash,BUY,,10373.15,10331.3,10331.6574,10435.3889,2026-04-01T15:10:45+00:00,2026-04-01T16:42:23+00:00,-18.83,stop_loss,MT5_BACKFILL,UNKNOWN,
f4cc859f853a5988,NZDUSD,BUY,,0.57658,0.57571,0.57571513,0.57830974,2026-04-01T15:29:36+00:00,2026-04-01T16:05:29+00:00,-9.16,stop_loss,MT5_BACKFILL,UNKNOWN,
43f19048120f2c32,ETHUSD,BUY,,2125.55,2114.87,2114.92225,2152.119375,2026-04-01T15:41:58+00:00,2026-04-01T16:07:11+00:00,-7.23,stop_loss,MT5_BACKFILL,UNKNOWN,
832b0c1d1b55f018,XAUUSD,BUY,,4737.14,4729.03,4730.0342900000005,4751.35142,2026-04-01T16:58:56+00:00,2026-04-01T17:00:42+00:00,-6.09,stop_loss,MT5_BACKFILL,UNKNOWN,
10764c03d86a33a6,AUDUSD,BUY,,0.69443,0.69339,0.693388355,0.69651329,2026-04-01T16:59:03+00:00,2026-04-01T17:11:42+00:00,-6.25,stop_loss,MT5_BACKFILL,UNKNOWN,
70f3fc53edcf053d,USDCAD,BUY,,1.38889,1.38782,1.386806665,1.39305667,2026-04-01T15:14:15+00:00,2026-04-01T19:53:07+00:00,-9.83,stop_loss,MT5_BACKFILL,UNKNOWN,
e08de2654806b678,UK100.cash,BUY,,10322.15,10384.2,10280.8614,10384.0829,2026-04-01T16:58:49+00:00,2026-04-01T18:50:32+00:00,28.54,take_profit,MT5_BACKFILL,UNKNOWN,
13cfe0555c503686,GBPCHF,BUY,,1.055,1.0569,1.052352525,1.0589462125,2026-04-01T15:10:52+00:00,2026-04-01T20:22:53+00:00,19.77,take_profit,MT5_BACKFILL,UNKNOWN,
4a4c04dacde46fbe,EURUSD,BUY,,1.16062,1.16133,1.15887907,1.16410186,2026-04-01T15:10:59+00:00,2026-04-01T20:22:51+00:00,5.86,take_profit,MT5_BACKFILL,UNKNOWN,
72fdcfbdc9c379dc,USDJPY,BUY,,158.376,158.487,158.1374375,158.850125,2026-04-01T15:11:13+00:00,2026-04-01T20:22:44+00:00,4.2,take_profit,MT5_BACKFILL,UNKNOWN,
076c6d670716705a,GBPUSD,BUY,,1.33034,1.33433,1.32834449,1.33433102,2026-04-01T15:32:06+00:00,2026-04-01T20:06:09+00:00,20.93,take_profit,MT5_BACKFILL,UNKNOWN,
ca77328a5bbea8fc,BTCUSD,BUY,,68149.47,69018.1,67808.6928,69001.308,2026-04-01T16:59:10+00:00,2026-04-01T20:03:09+00:00,19.53,take_profit,MT5_BACKFILL,UNKNOWN,
bc8410d1fd1dfdd9,NZDUSD,BUY,,0.57695,0.57608,0.576084575,0.5786808499999999,2026-04-01T20:28:47+00:00,2026-04-01T20:53:47+00:00,-8.49,stop_loss,MT5_BACKFILL,UNKNOWN,
83ec495d4def0dd7,ETHUSD,BUY,,2139.59,2128.77,2128.89205,2166.334875,2026-04-01T20:43:56+00:00,2026-04-01T21:02:28+00:00,-7.32,stop_loss,MT5_BACKFILL,UNKNOWN,
1b3e18111b1c516e,GBPCHF,BUY,,1.05691,1.05569,1.054267725,1.0608734125000001,2026-04-01T20:28:40+00:00,2026-04-02T00:43:32+00:00,-12.71,stop_loss,MT5_BACKFILL,UNKNOWN,
1947cdf5753ec11d,EURUSD,BUY,,1.15819,1.15868,1.1564527150000001,1.1616645700000001,2026-04-01T22:13:43+00:00,2026-04-02T00:43:24+00:00,3.68,take_profit,MT5_BACKFILL,UNKNOWN,
082215348080124f,BTCUSD,BUY,,68073.04,68313.4,67732.6748,68923.953,2026-04-01T22:13:51+00:00,2026-04-02T00:43:28+00:00,7.22,take_profit,MT5_BACKFILL,UNKNOWN,
e70f05a7bd42cf6c,JP225.cash,BUY,,54217.55,54135.0,54136.223675,54380.20265000001,2026-04-02T01:36:00+00:00,2026-04-02T02:46:09+00:00,-2.46,stop_loss,MT5_BACKFILL,UNKNOWN,
1d686a461ec7f225,NZDUSD,BUY,,0.57527,0.57493,0.574407095,0.57699581,2026-04-02T02:01:14+00:00,2026-04-02T02:55:10+00:00,-4.35,stop_loss,MT5_BACKFILL,UNKNOWN,
a6eb605a6290242b,BTCUSD,BUY,,68112.73,68093.45,67772.16635,68964.139125,2026-04-02T02:01:21+00:00,2026-04-02T02:55:14+00:00,-0.72,stop_loss,MT5_BACKFILL,UNKNOWN,
67590398a34ace2a,JP225.cash,BUY,,54020.0,53941.73,53943.9625,54187.075,2026-04-02T03:34:09+00:00,2026-04-02T03:36:12+00:00,-0.04,stop_loss,MT5_BACKFILL,UNKNOWN,
80ed05adccfcf0eb,JP225.cash,SELL,,53686.44,53773.55,53765.5275,53523.945,2026-04-02T04:08:09+00:00,2026-04-02T04:08:41+00:00,-0.04,stop_loss,MT5_BACKFILL,UNKNOWN,
06b3e3b684d3bc1a,BTCUSD,BUY,,66671.45,66336.94,66337.2868,67504.023,2026-04-02T06:20:23+00:00,2026-04-02T07:27:44+00:00,-2.5300000000000002,stop_loss,MT5_BACKFILL,UNKNOWN,
615dda47b678a1a3,AUDUSD,BUY,,0.68855,0.68752,0.687517175,0.69061565,2026-04-02T06:20:30+00:00,2026-04-02T07:08:15+00:00,-0.78,stop_loss,MT5_BACKFILL,UNKNOWN,
02ab15e010bd3f17,AUDUSD,BUY,,0.68769,0.68666,0.686658465,0.6897530700000001,2026-04-02T07:39:32+00:00,2026-04-02T08:55:51+00:00,-0.78,stop_loss,MT5_BACKFILL,UNKNOWN,
c507b0a7aa7df3a8,UK100.cash,BUY,,10296.05,10357.7,10254.567,10357.5245,2026-04-02T10:08:52+00:00,2026-04-02T11:30:35+00:00,0.62,take_profit,MT5_BACKFILL,UNKNOWN,
28cc97a21e48b0d4,XAUUSD,BUY,,4609.8,4623.61,4602.755495,4623.49901,2026-04-02T10:08:59+00:00,2026-04-02T10:17:17+00:00,10.45,take_profit,MT5_BACKFILL,UNKNOWN,
bb4ce02e001b4b5f,JP225.cash,BUY,,52482.27,52399.73,52403.546595,52639.71681,2026-04-02T10:09:06+00:00,2026-04-02T10:11:09+00:00,-0.04,stop_loss,MT5_BACKFILL,UNKNOWN,
152ebc3b1cab6674,XAUUSD,BUY,,4623.68,4637.49,4616.6646,4637.4708,2026-04-02T10:23:32+00:00,2026-04-02T10:41:24+00:00,10.46,take_profit,MT5_BACKFILL,UNKNOWN,
485abfbf0bce32de,EURUSD,SELL,,1.15483,1.15135,1.156562245,1.15136551,2026-04-02T05:30:26+00:00,2026-04-02T13:49:05+00:00,2.64,take_profit,MT5_BACKFILL,UNKNOWN,
e88d2e7a6e5a83d6,AUDUSD,BUY,,0.68752,0.68649,0.68648872,0.6895825600000001,2026-04-02T10:08:45+00:00,2026-04-02T13:39:49+00:00,-0.78,stop_loss,MT5_BACKFILL,UNKNOWN,
9728bd1ad8c8131a,BTCUSD,BUY,,66652.07,66339.51,66318.80965000001,67485.22087500001,2026-04-02T10:23:39+00:00,2026-04-02T12:03:05+00:00,-2.37,stop_loss,MT5_BACKFILL,UNKNOWN,
47e5c5c44c175ba3,USDCAD,BUY,,1.38967,1.39262,1.38759548,1.39384904,2026-04-02T05:30:33+00:00,2026-04-02T14:25:07+00:00,1.6099999999999999,take_profit,MT5_BACKFILL,UNKNOWN,
6ce49f5316852193,USDJPY,BUY,,159.316,159.604,159.077026,159.793948,2026-04-02T05:30:41+00:00,2026-04-02T15:28:58+00:00,1.37,take_profit,MT5_BACKFILL,UNKNOWN,
2bfd7ee2ecfd3771,GBPCHF,BUY,,1.0563,1.0561,1.05365925,1.060261125,2026-04-02T06:20:37+00:00,2026-04-02T14:25:11+00:00,-0.19,stop_loss,MT5_BACKFILL,UNKNOWN,
87de21ca88c89fef,UK100.cash,BUY,,10313.55,10331.2,10272.2958,10375.431299999998,2026-04-02T15:46:59+00:00,2026-04-02T16:43:55+00:00,0.18,take_profit,MT5_BACKFILL,UNKNOWN,
09e7fc0e3e3ab009,AUDUSD,BUY,,0.68823,0.68809,0.687197655,0.69029469,2026-04-02T15:47:06+00:00,2026-04-02T16:43:58+00:00,-0.11,stop_loss,MT5_BACKFILL,UNKNOWN,
dcf49e787dfc434f,GBPUSD,BUY,,1.32123,1.32087,1.319268125,1.32521375,2026-04-02T15:47:13+00:00,2026-04-02T16:43:52+00:00,-0.27,stop_loss,MT5_BACKFILL,UNKNOWN,
a3165afa9343b831,ETHUSD,BUY,,2036.32,2033.43,2026.1384,2061.774,2026-04-02T17:00:49+00:00,2026-04-02T17:06:03+00:00,-0.22,stop_loss,MT5_BACKFILL,UNKNOWN,
0422bc7697a5d8bf,BTCUSD,BUY,,66190.55,66213.34,65859.4082,67017.7395,2026-04-02T17:00:57+00:00,2026-04-02T17:05:43+00:00,0.17,take_profit,MT5_BACKFILL,UNKNOWN,
59dcd35b0bb9c78f,NZDUSD,BUY,,0.57212,0.5731,0.5712618199999999,0.5738363599999999,2026-04-02T17:01:05+00:00,2026-04-02T17:37:07+00:00,0.74,take_profit,MT5_BACKFILL,UNKNOWN,
9517e3ece6d93ae5,USDJPY,BUY,,159.45,159.465,159.214819,159.932362,2026-04-02T17:01:12+00:00,2026-04-02T17:05:39+00:00,0.07,take_profit,MT5_BACKFILL,UNKNOWN,
54fb4d5aade242cc,EURUSD,BUY,,1.15321,1.15312,1.15149017,1.15667966,2026-04-02T17:01:20+00:00,2026-04-02T17:05:59+00:00,-0.07,stop_loss,MT5_BACKFILL,UNKNOWN,
3fe879f25a934b4d,UK100.cash,BUY,,10375.25,10376.2,10333.749,10437.5015,2026-04-02T17:01:27+00:00,2026-04-02T17:05:49+00:00,0.01,take_profit,MT5_BACKFILL,UNKNOWN,
9f6a48b4e898ec8f,GBPUSD,BUY,,1.32184,1.32115,1.31985724,1.3258055199999998,2026-04-02T17:01:34+00:00,2026-04-02T17:05:51+00:00,-19.827599999999723,stop_loss,MT5_BACKFILL,UNKNOWN,
1fc5690b70b27f65,AUDUSD,BUY,,0.68937,0.68917,0.6883359450000001,0.69143811,2026-04-02T17:01:41+00:00,2026-04-02T17:05:52+00:00,-0.15,stop_loss,MT5_BACKFILL,UNKNOWN,
bcdf6c0b5729baef,USDCAD,BUY,,1.39201,1.39174,1.389921985,1.39618603,2026-04-02T17:01:48+00:00,2026-04-02T17:06:01+00:00,-0.15,stop_loss,MT5_BACKFILL,UNKNOWN,
9b2088853381bdb9,GBPCHF,BUY,,1.05729,1.05651,1.0546467750000001,1.0612548375000002,2026-04-02T17:01:55+00:00,2026-04-02T17:16:23+00:00,-0.74,stop_loss,MT5_BACKFILL,UNKNOWN,
6608575179aba1d5,XAUUSD,SELL,,4635.16,4643.8,4642.21289,4621.35422,2026-04-02T17:02:03+00:00,2026-04-02T17:02:46+00:00,-6.54,stop_loss,MT5_BACKFILL,UNKNOWN,
7bb6b08b43610bc8,XAUUSD,BUY,,4640.79,4640.05,4634.81733,4655.7053399999995,2026-04-02T17:05:19+00:00,2026-04-02T17:05:45+00:00,-0.56,stop_loss,MT5_BACKFILL,UNKNOWN,
251034a9a891d16c,USDJPY,BUY,,159.479,159.465,159.23978150000002,159.95743700000003,2026-04-02T17:05:26+00:00,2026-04-02T17:05:38+00:00,-0.07,stop_loss,MT5_BACKFILL,UNKNOWN,
d8760d77339ec106,GBPCHF,BUY,,1.0574,1.05717,1.0547664749999999,1.0613752875,2026-04-02T17:05:33+00:00,2026-04-02T17:05:57+00:00,-0.22,stop_loss,MT5_BACKFILL,UNKNOWN,
436aca7d7a433b29,ETHUSD,BUY,,2040.52,2066.01,2030.28755,2065.996125,2026-04-02T17:18:34+00:00,2026-04-02T17:37:14+00:00,9.63,take_profit,MT5_BACKFILL,UNKNOWN,
dc7d5ec4d050bb85,BTCUSD,BUY,,66371.71,66785.43,66041.32405,67202.854875,2026-04-02T17:18:42+00:00,2026-04-02T17:38:09+00:00,15.64,take_profit,MT5_BACKFILL,UNKNOWN,
329bfa1edfec13a5,UK100.cash,BUY,,10387.55,10428.2,10345.9998,10449.8753,2026-04-02T17:18:51+00:00,2026-04-02T17:36:20+00:00,2.03,take_profit,MT5_BACKFILL,UNKNOWN,
b39a7d02f1e831bd,GBPCHF,BUY,,1.05674,1.05644,1.05409815,1.060702775,2026-04-02T17:18:59+00:00,2026-04-02T17:43:28+00:00,-1.42,stop_loss,MT5_BACKFILL,UNKNOWN,
7905247599b0c645,AUDUSD,BUY,,0.68968,0.69146,0.6886454799999999,0.6917490399999999,2026-04-02T17:19:07+00:00,2026-04-02T17:36:50+00:00,6.72,take_profit,MT5_BACKFILL,UNKNOWN,
abf613611d3a39a7,XAUUSD,BUY,,4662.07,4676.27,4655.08688,4676.06624,2026-04-02T17:19:15+00:00,2026-04-02T17:35:55+00:00,53.71,take_profit,MT5_BACKFILL,UNKNOWN,
f01f96a916a21232,EURUSD,BUY,,1.15363,1.15483,1.151899555,1.1570908899999999,2026-04-02T17:19:23+00:00,2026-04-02T17:43:32+00:00,4.53,take_profit,MT5_BACKFILL,UNKNOWN,
7c8f26a87ca5e6be,US100.cash,BUY,,23801.58,23765.83,23765.877630000003,23872.984740000004,2026-04-02T17:19:38+00:00,2026-04-02T17:25:46+00:00,-1.35,stop_loss,MT5_BACKFILL,UNKNOWN,
d8253957dc1a9e78,USDJPY,BUY,,159.454,159.28,159.214819,159.932362,2026-04-02T17:19:45+00:00,2026-04-02T17:43:26+00:00,-4.13,stop_loss,MT5_BACKFILL,UNKNOWN,
011d5b97f76ef598,US100.cash,SELL,,23785.73,23822.18,23821.809195,23714.77161,2026-04-02T17:28:54+00:00,2026-04-02T17:33:10+00:00,-1.38,stop_loss,MT5_BACKFILL,UNKNOWN,
39fbc5036d96e55d,XAUUSD,BUY,,4682.29,4674.76,4675.31649,4696.38702,2026-04-02T17:38:12+00:00,2026-04-02T17:38:57+00:00,-28.47,stop_loss,MT5_BACKFILL,UNKNOWN,
c0efa76c16c5624b,US100.cash,BUY,,23999.28,23961.93,23964.87868,24072.88264,2026-04-02T17:38:19+00:00,2026-04-02T17:39:02+00:00,-1.41,stop_loss,MT5_BACKFILL,UNKNOWN,
21dc8bbd04d4eac5,XAUUSD,BUY,,4686.74,4679.92,4679.939545,4701.03091,2026-04-02T17:40:42+00:00,2026-04-02T17:41:57+00:00,-25.79,stop_loss,MT5_BACKFILL,UNKNOWN,
361aaf088496087d,USDCAD,SELL,,1.39186,1.39222,1.39394779,1.3876844199999998,2026-04-02T17:19:52+00:00,2026-04-02T18:22:07+00:00,-0.98,stop_loss,MT5_BACKFILL,UNKNOWN,
fcb1879e5f3981b6,UK100.cash,BUY,,10440.55,10425.1,10398.7878,10503.193299999999,2026-04-02T17:38:26+00:00,2026-04-02T19:37:55+00:00,-0.77,stop_loss,MT5_BACKFILL,UNKNOWN,
ca8eda87ce002ada,ETHUSD,BUY,,2058.28,2047.01,2047.9886000000001,2084.0085000000004,2026-04-02T17:40:27+00:00,2026-04-02T18:21:24+00:00,-4.26,stop_loss,MT5_BACKFILL,UNKNOWN,
39e395c002898782,NZDUSD,BUY,,0.573,0.57213,0.572130515,0.57470897,2026-04-02T17:40:35+00:00,2026-04-02T19:08:54+00:00,-3.29,stop_loss,MT5_BACKFILL,UNKNOWN,
b0a9df7f3102a2a8,AUDUSD,SELL,,0.69106,0.6913,0.69209659,0.68898682,2026-04-02T17:44:35+00:00,2026-04-02T19:37:57+00:00,-0.91,stop_loss,MT5_BACKFILL,UNKNOWN,
42e26bf1d92b6391,BTCUSD,BUY,,66781.55,67015.06,66447.6124,67616.289,2026-04-02T18:18:01+00:00,2026-04-02T19:38:08+00:00,8.83,take_profit,MT5_BACKFILL,UNKNOWN,
f71c91c192de3b64,USDCHF,BUY,,0.79794,0.79843,0.79674309,0.80033382,2026-04-02T18:18:08+00:00,2026-04-02T19:38:03+00:00,2.32,take_profit,MT5_BACKFILL,UNKNOWN,
b5b693768203db94,UKOIL.cash,BUY,,109.582,110.213,109.143672,110.67782,2026-04-02T18:18:15+00:00,2026-04-02T18:21:44+00:00,2.39,take_profit,MT5_BACKFILL,UNKNOWN,
e9612a97789729ff,GBPCHF,BUY,,1.05658,1.05667,1.053928575,1.0605321375,2026-04-02T18:18:22+00:00,2026-04-02T20:08:58+00:00,0.43,take_profit,MT5_BACKFILL,UNKNOWN,
92b7b94c0638a61a,XAGUSD,BUY,,72.6,72.165,72.16937,73.694075,2026-04-02T18:18:29+00:00,2026-04-02T18:20:46+00:00,-82.2,stop_loss,MT5_BACKFILL,UNKNOWN,
294babb5bb54f67d,USDJPY,BUY,,159.282,159.333,159.043077,159.759846,2026-04-02T18:18:36+00:00,2026-04-02T19:38:00+00:00,1.21,take_profit,MT5_BACKFILL,UNKNOWN,
6fc10487d9427a60,XAUUSD,BUY,,4673.74,4666.73,4666.74936,4687.78128,2026-04-02T18:18:43+00:00,2026-04-02T18:20:19+00:00,-26.48,stop_loss,MT5_BACKFILL,UNKNOWN,
173e52dfe0e766f8,ETHUSD,BUY,,2062.05,2051.22,2051.73975,2087.8256250000004,2026-04-02T18:47:01+00:00,2026-04-02T19:20:15+00:00,-4.1,stop_loss,MT5_BACKFILL,UNKNOWN,
497af744ffd6e252,XAUUSD,BUY,,4661.42,4654.39,4654.417885,4675.39423,2026-04-02T18:47:08+00:00,2026-04-02T18:51:21+00:00,-26.56,stop_loss,MT5_BACKFILL,UNKNOWN,
2e825b427e6b1909,USDCAD,BUY,,1.39154,1.39227,1.38945269,1.39571462,2026-04-02T18:47:15+00:00,2026-04-02T19:38:15+00:00,1.98,take_profit,MT5_BACKFILL,UNKNOWN,
9715e6813cda8e5e,US100.cash,BUY,,23977.18,23940.93,23941.613630000003,24049.512740000002,2026-04-02T18:47:22+00:00,2026-04-02T18:50:26+00:00,-1.37,stop_loss,MT5_BACKFILL,UNKNOWN,
c1bf424984f8c58e,EURUSD,SELL,,1.15465,1.15409,1.156381975,1.15118605,2026-04-02T18:47:29+00:00,2026-04-02T19:38:12+00:00,2.12,take_profit,MT5_BACKFILL,UNKNOWN,
c3b9e8254ee1455f,UKOIL.cash,BUY,,110.992,110.543,110.548032,112.10192,2026-04-02T18:47:36+00:00,2026-04-02T19:00:32+00:00,-1.7,stop_loss,MT5_BACKFILL,UNKNOWN,
c78d271d55acd8a1,ETHUSD,BUY,,2061.21,2050.84,2050.90395,2086.975125,2026-04-02T20:11:51+00:00,2026-04-02T20:49:12+00:00,-3.92,stop_loss,MT5_BACKFILL,UNKNOWN,
cca3f044a477553d,UKOIL.cash,BUY,,110.862,111.988,110.428512,111.98072,2026-04-02T20:11:58+00:00,2026-04-02T20:51:20+00:00,4.26,take_profit,MT5_BACKFILL,UNKNOWN,
4fb75c91a8bf3667,BTCUSD,BUY,,66992.3,66649.67,66658.50265,67830.888375,2026-04-02T20:12:20+00:00,2026-04-02T20:58:27+00:00,-12.95,stop_loss,MT5_BACKFILL,UNKNOWN,
d7ac56d252cfacf6,UKOIL.cash,BUY,,111.912,111.493,111.464352,113.03112,2026-04-02T21:34:44+00:00,2026-04-02T21:47:14+00:00,-1.5899999999999999,stop_loss,MT5_BACKFILL,UNKNOWN,
9a0d14fcef25d72a,ETHUSD,BUY,,2046.79,2072.39,2036.55605,2072.374875,2026-04-02T21:34:29+00:00,2026-04-02T23:38:03+00:00,9.68,take_profit,MT5_BACKFILL,UNKNOWN,
532f55df0b3ff1db,US100.cash,BUY,,23979.68,24053.26,23944.808829999998,24052.72234,2026-04-02T22:42:54+00:00,2026-04-02T23:29:17+00:00,3.33,take_profit,MT5_BACKFILL,UNKNOWN,
f3f0f60cd8e563dd,AUDUSD,BUY,,0.69097,0.6899,0.6899335449999999,0.69304291,2026-04-02T20:12:06+00:00,2026-04-03T00:56:42+00:00,-4.05,stop_loss,MT5_BACKFILL,UNKNOWN,
006a20ec570c6c4e,GBPCHF,BUY,,1.05669,1.05369,1.054048275,1.0606525875,2026-04-02T20:12:34+00:00,2026-04-03T00:20:00+00:00,-14.24,stop_loss,MT5_BACKFILL,UNKNOWN,
170be989497611db,BTCUSD,BUY,,66654.51,66320.57,66321.49615,67487.954625,2026-04-02T21:34:37+00:00,2026-04-03T05:32:20+00:00,-12.63,stop_loss,MT5_BACKFILL,UNKNOWN,
5a6f07192f499a91,USDCHF,BUY,,0.79894,0.79735,0.79774159,0.80133682,2026-04-02T22:15:29+00:00,2026-04-03T00:20:00+00:00,-7.54,stop_loss,MT5_BACKFILL,UNKNOWN,
ec36f62138471fc7,EURUSD,BUY,,1.15413,1.15213,1.15238882,1.1575823600000001,2026-04-02T20:12:27+00:00,2026-04-03T15:30:01+00:00,-7.57,stop_loss,MT5_BACKFILL,UNKNOWN,
27dd87597b95d577,NZDUSD,BUY,,0.56914,0.56907,0.56828629,0.57084742,2026-04-03T21:19:39+00:00,2026-04-03T21:32:02+00:00,-2.71,stop_loss,MT5_BACKFILL,UNKNOWN,
6a3a2099442d68e9,USDCAD,BUY,,1.38471,1.3826,1.38263,1.3888600000000002,2026-04-09T14:27:32+00:00,2026-04-09T16:07:15+00:00,-54.94,stop_loss,MT5_BACKFILL,UNKNOWN,
e1243241691a8dfb,UK100.cash,BUY,,10565.75,10568.0,10523.49,10629.14,2026-04-09T14:29:21+00:00,2026-04-09T17:31:40+00:00,2.68,take_profit,MT5_BACKFILL,UNKNOWN,
f2359b4cc2cd4f24,UKOIL.cash,BUY,,100.229,101.235,99.833,101.236,2026-04-09T16:30:25+00:00,2026-04-09T17:26:59+00:00,15.09,take_profit,MT5_BACKFILL,UNKNOWN,
fff5fc61e28ca660,USDCHF,BUY,,0.78967,0.78941,0.78849,0.7920400000000001,2026-04-09T16:34:36+00:00,2026-04-09T17:31:36+00:00,-9.88,stop_loss,MT5_BACKFILL,UNKNOWN,
24c33546eb851385,USDCAD,BUY,,1.3824,1.3815,1.38033,1.3865500000000002,2026-04-09T16:54:24+00:00,2026-04-09T17:31:38+00:00,-16.29,stop_loss,MT5_BACKFILL,UNKNOWN,
885669f4fa04686e,US100.cash,BUY,,24860.98,24824.13,24823.690000000002,24935.56,2026-04-09T16:59:34+00:00,2026-04-09T17:16:03+00:00,-17.69,stop_loss,MT5_BACKFILL,UNKNOWN,
0e72f03c40cb1e3f,US100.cash,BUY,,24830.98,24794.18,24794.43,24906.18,2026-04-09T17:23:32+00:00,2026-04-09T17:27:07+00:00,-12.88,stop_loss,MT5_BACKFILL,UNKNOWN,
1eabe84090f1999e,NZDUSD,BUY,,0.58442,0.58619,0.58355,0.58618,2026-04-09T17:51:07+00:00,2026-04-09T18:35:03+00:00,58.41,take_profit,MT5_BACKFILL,UNKNOWN,
4554475556f649f1,UK100.cash,BUY,,10560.35,10623.9,10518.11,10623.710000000001,2026-04-09T17:53:35+00:00,2026-04-09T18:58:33+00:00,55.53,take_profit,MT5_BACKFILL,UNKNOWN,
6d2ba2efd3a7434b,US100.cash,BUY,,24871.73,24946.63,24834.32,24946.24,2026-04-09T17:56:15+00:00,2026-04-09T18:32:47+00:00,11.24,take_profit,MT5_BACKFILL,UNKNOWN,
30cc73f57f7b3e45,USDJPY,BUY,,159.2,158.961,158.961,159.678,2026-04-09T17:59:22+00:00,2026-04-09T18:36:05+00:00,-19.55,stop_loss,MT5_BACKFILL,UNKNOWN,
fe44c46e39c5e554,USDCHF,BUY,,0.79053,0.78934,0.78934,0.7929,2026-04-09T18:02:35+00:00,2026-04-09T18:34:57+00:00,-58.8,stop_loss,MT5_BACKFILL,UNKNOWN,
9e55497df433ae0e,USDCAD,BUY,,1.38307,1.38098,1.381,1.3872200000000001,2026-04-09T18:06:05+00:00,2026-04-09T18:37:44+00:00,-27.24,stop_loss,MT5_BACKFILL,UNKNOWN,
68f2e0cd7ebfbbe6,GBPUSD,BUY,,1.34096,1.34498,1.33895,1.34498,2026-04-09T18:14:44+00:00,2026-04-09T19:18:55+00:00,64.32,take_profit,MT5_BACKFILL,UNKNOWN,
374d7ea8f20fc2bc,UKOIL.cash,BUY,,101.019,100.55,100.61500000000001,102.029,2026-04-09T18:28:32+00:00,2026-04-09T18:32:38+00:00,-7.04,stop_loss,MT5_BACKFILL,UNKNOWN,
8d8f603c740c021e,UKOIL.cash,BUY,,99.204,98.615,98.807,100.196,2026-04-09T18:40:37+00:00,2026-04-09T18:48:35+00:00,-8.25,stop_loss,MT5_BACKFILL,UNKNOWN,
c44a50b1d64e033e,US100.cash,BUY,,24999.18,25073.88,24961.38,25073.88,2026-04-09T18:52:45+00:00,2026-04-09T19:03:16+00:00,27.64,take_profit,MT5_BACKFILL,UNKNOWN,
b895d5a57a529b43,UKOIL.cash,BUY,,98.229,97.835,97.836,99.211,2026-04-09T19:01:55+00:00,2026-04-09T19:03:19+00:00,-9.06,stop_loss,MT5_BACKFILL,UNKNOWN,
04468a7bc1f1fc94,US100.cash,BUY,,25038.48,25001.23,25001.02,25113.7,2026-04-09T19:14:57+00:00,2026-04-09T19:41:36+00:00,-19.0,stop_loss,MT5_BACKFILL,UNKNOWN,
163a4045c7973a28,XAGUSD,BUY,,75.694,75.239,75.241,76.83,2026-04-09T18:34:34+00:00,2026-04-10T01:31:45+00:00,-113.75,stop_loss,MT5_BACKFILL,UNKNOWN,
6431f3554f60cd9d,USDCHF,BUY,,0.78892,0.79129,0.7877400000000001,0.79129,2026-04-09T18:57:29+00:00,2026-04-10T03:06:21+00:00,92.85,take_profit,MT5_BACKFILL,UNKNOWN,
6d8047cce205a0de,EURUSD,BUY,,1.17061,1.16885,1.1688500000000002,1.17412,2026-04-09T19:02:00+00:00,2026-04-10T03:00:43+00:00,-19.36,stop_loss,MT5_BACKFILL,UNKNOWN,
79b000b32c7fbecf,USDJPY,BUY,,158.759,159.235,158.52100000000002,159.235,2026-04-09T19:08:29+00:00,2026-04-10T03:29:47+00:00,71.74,take_profit,MT5_BACKFILL,UNKNOWN,
c11ad2408d0e952b,NZDUSD,BUY,,0.5856,0.58472,0.58472,0.58736,2026-04-09T21:52:24+00:00,2026-04-10T03:27:16+00:00,-62.48,stop_loss,MT5_BACKFILL,UNKNOWN,
b342c11d7cedbe0d,AUDUSD,BUY,,0.7076,0.70732,0.7065400000000001,0.70972,2026-04-09T18:46:39+00:00,2026-04-10T04:17:34+00:00,-12.6,stop_loss,MT5_BACKFILL,UNKNOWN,
3ac09a628f8f0ce8,UKOIL.cash,BUY,,98.754,98.492,98.35900000000001,99.742,2026-04-09T21:42:06+00:00,2026-04-10T04:17:30+00:00,-2.62,stop_loss,MT5_BACKFILL,UNKNOWN,
8fbc9be541aae54d,GBPUSD,BUY,,1.34332,1.3422,1.34131,1.34735,2026-04-09T21:46:18+00:00,2026-04-10T04:17:23+00:00,-20.16,stop_loss,MT5_BACKFILL,UNKNOWN,
c241a07afbd83991,JP225.cash,BUY,,56740.5,56913.0,56655.39,56910.72,2026-04-10T04:09:54+00:00,2026-04-10T04:35:30+00:00,21.68,take_profit,MT5_BACKFILL,UNKNOWN,
58e9bb18bf0f9e9b,JP225.cash,BUY,,56773.5,56686.0,56688.340000000004,56943.82,2026-04-10T05:12:14+00:00,2026-04-10T05:14:51+00:00,-10.12,stop_loss,MT5_BACKFILL,UNKNOWN,
05f5f308750f4751,GBPCHF,BUY,,1.06021,1.06113,1.05755,1.0641800000000001,2026-04-09T17:04:48+00:00,2026-04-10T06:26:03+00:00,52.37,take_profit,MT5_BACKFILL,UNKNOWN,
e7cea618e5cfbad7,USDCAD,BUY,,1.38137,1.38234,1.3793000000000002,1.38551,2026-04-09T18:52:51+00:00,2026-04-10T06:26:15+00:00,11.23,take_profit,MT5_BACKFILL,UNKNOWN,
007e430a712062d2,XAGUSD,BUY,,75.064,75.713,74.614,76.19,2026-04-10T03:28:24+00:00,2026-04-10T06:25:57+00:00,162.25,take_profit,MT5_BACKFILL,UNKNOWN,
28ea779362b35f68,USDCHF,BUY,,0.79131,0.79048,0.79012,0.79368,2026-04-10T03:32:14+00:00,2026-04-10T06:26:06+00:00,-11.55,stop_loss,MT5_BACKFILL,UNKNOWN,
f4326f7605fb3836,UKOIL.cash,BUY,,98.506,98.762,98.11200000000001,99.491,2026-04-10T04:52:03+00:00,2026-04-10T06:26:20+00:00,2.56,take_profit,MT5_BACKFILL,UNKNOWN,
1b87192d5a523f05,AUDUSD,BUY,,0.70778,0.70672,0.70672,0.7099000000000001,2026-04-10T04:58:05+00:00,2026-04-10T06:10:25+00:00,-44.52,stop_loss,MT5_BACKFILL,UNKNOWN,
77683c8bc54ee4fc,USDJPY,BUY,,159.056,159.161,158.817,159.53300000000002,2026-04-10T05:04:04+00:00,2026-04-10T06:26:18+00:00,23.09,take_profit,MT5_BACKFILL,UNKNOWN,
483c5c1110ed00e3,HK50.cash,BUY,,25970.52,25908.8,25866.64,26126.34,2026-04-10T05:18:15+00:00,2026-04-10T06:26:35+00:00,-0.39,stop_loss,MT5_BACKFILL,UNKNOWN,
f2e436c97c0fd46b,XAGUSD,BUY,,75.862,75.403,75.407,77.0,2026-04-10T06:30:10+00:00,2026-04-10T09:38:52+00:00,-114.75,stop_loss,MT5_BACKFILL,UNKNOWN,
64d828027d60dbcb,AUDUSD,BUY,,0.70698,0.70641,0.7059200000000001,0.7091000000000001,2026-04-10T06:48:20+00:00,2026-04-10T09:26:50+00:00,-20.52,stop_loss,MT5_BACKFILL,UNKNOWN,
cc66cc7454325ae2,NZDUSD,BUY,,0.58504,0.58452,0.58416,0.5868000000000001,2026-04-10T07:23:16+00:00,2026-04-10T09:27:02+00:00,-29.12,stop_loss,MT5_BACKFILL,UNKNOWN,
199ccd53b2c489b6,HK50.cash,BUY,,25950.25,25886.3,25845.95,26105.45,2026-04-10T08:47:23+00:00,2026-04-10T09:26:57+00:00,-11.1,stop_loss,MT5_BACKFILL,UNKNOWN,
fda550c39fd796ca,JP225.cash,BUY,,56888.0,56797.73,56802.67,57058.66,2026-04-10T09:03:34+00:00,2026-04-10T09:40:30+00:00,-11.33,stop_loss,MT5_BACKFILL,UNKNOWN,
d79f59fc79e352bf,XAUUSD,BUY,,4752.46,4745.27,4745.33,4766.72,2026-04-10T09:20:30+00:00,2026-04-10T09:49:46+00:00,-35.95,stop_loss,MT5_BACKFILL,UNKNOWN,
5c096ee1cf788a6d,EURUSD,BUY,,1.16963,1.16788,1.16788,1.17314,2026-04-10T07:26:47+00:00,2026-04-10T11:00:02+00:00,-29.75,stop_loss,MT5_BACKFILL,UNKNOWN,
ab5f483a102e2681,USOIL.cash,BUY,,98.692,99.685,98.297,99.679,2026-04-10T08:58:15+00:00,2026-04-10T10:14:38+00:00,11.92,take_profit,MT5_BACKFILL,UNKNOWN,
a68eee09a8b629fb,NZDUSD,BUY,,0.58462,0.58371,0.5837100000000001,0.5863400000000001,2026-04-10T09:35:35+00:00,2026-04-10T10:58:53+00:00,-41.86,stop_loss,MT5_BACKFILL,UNKNOWN,
1e90f70d17ef2a35,JP225.cash,BUY,,56758.0,56928.5,56672.86,56928.270000000004,2026-04-10T09:55:37+00:00,2026-04-10T11:31:53+00:00,21.41,take_profit,MT5_BACKFILL,UNKNOWN,
1539151774dde40b,USOIL.cash,BUY,,99.907,99.475,99.507,100.906,2026-04-10T11:00:45+00:00,2026-04-10T11:07:23+00:00,-7.34,stop_loss,MT5_BACKFILL,UNKNOWN,
7c28c172fc0a2bae,USOIL.cash,BUY,,96.153,95.748,95.768,97.11500000000001,2026-04-10T23:04:07+00:00,2026-04-10T23:19:08+00:00,-3.65,stop_loss,MT5_BACKFILL,UNKNOWN,
69f19d72ad44ef8a,USDCHF,BUY,,0.78905,0.78911,0.7878700000000001,0.79142,2026-04-10T23:04:11+00:00,2026-04-10T23:26:31+00:00,0.53,take_profit,MT5_BACKFILL,UNKNOWN,
751332e08169fe20,XAGUSD,BUY,,76.332,76.023,75.874,77.477,2026-04-10T23:04:15+00:00,2026-04-10T23:26:33+00:00,-77.25,stop_loss,MT5_BACKFILL,UNKNOWN,
c5c6f10c7b7f7346,JP225.cash,SELL,,56052.73,56138.27,56136.81,55884.57,2026-04-13T02:16:11+00:00,2026-04-13T02:37:20+00:00,-7.07,stop_loss,MT5_BACKFILL,UNKNOWN,
07efc0b6ba2988d7,USDCHF,BUY,,0.79306,0.79185,0.7918700000000001,0.79544,2026-04-13T02:10:22+00:00,2026-04-13T05:30:38+00:00,-84.04,stop_loss,MT5_BACKFILL,UNKNOWN,
6c7f654893086e9b,GBPUSD,SELL,,1.33892,1.34095,1.3409300000000002,1.3349000000000002,2026-04-13T02:10:29+00:00,2026-04-13T04:13:23+00:00,-18.27,stop_loss,MT5_BACKFILL,UNKNOWN,
0465a65c82e48cdb,XAGUSD,BUY,,73.916,75.043,73.473,75.025,2026-04-13T18:04:40+00:00,2026-04-13T19:29:07+00:00,281.75,take_profit,MT5_BACKFILL,UNKNOWN,
b15788b82728b8bb,US100.cash,BUY,,25144.03,25219.18,25106.21,25219.36,2026-04-13T18:36:16+00:00,2026-04-13T19:29:06+00:00,187.88,take_profit,MT5_BACKFILL,UNKNOWN,
ff1432133154fb3d,HEATOIL.c,BUY,,4.048,3.917,3.444,4.5840000000000005,2026-04-13T19:09:57+00:00,2026-04-13T19:48:45+00:00,-26.2,stop_loss,MT5_BACKFILL,UNKNOWN,
357b9489a6120df6,USOIL.cash,BUY,,102.384,101.997,101.974,103.408,2026-04-13T19:15:15+00:00,2026-04-13T19:18:43+00:00,-13.55,stop_loss,MT5_BACKFILL,UNKNOWN,
610a6e411b1506e3,USOIL.cash,BUY,,102.204,101.752,101.79,103.221,2026-04-13T19:23:52+00:00,2026-04-13T19:25:35+00:00,-18.98,stop_loss,MT5_BACKFILL,UNKNOWN,
2985622a3264994c,NZDUSD,SELL,,0.58482,0.5857,0.5857,0.5830700000000001,2026-04-13T19:29:53+00:00,2026-04-13T19:40:38+00:00,-20.24,stop_loss,MT5_BACKFILL,UNKNOWN,
8386085e17ab5ea9,USOIL.cash,BUY,,99.859,99.397,99.465,100.863,2026-04-13T19:41:44+00:00,2026-04-13T19:51:37+00:00,-17.09,stop_loss,MT5_BACKFILL,UNKNOWN,
961a3c642522b7f1,UK100.cash,BUY,,10591.45,10610.0,10549.28,10655.2,2026-04-13T17:40:30+00:00,2026-04-13T22:43:03+00:00,38.82,take_profit,MT5_BACKFILL,UNKNOWN,
68761a92c4c5177c,GBPCHF,SELL,,1.06013,1.05942,1.06278,1.0561500000000001,2026-04-13T18:19:10+00:00,2026-04-13T20:59:55+00:00,73.23,take_profit,MT5_BACKFILL,UNKNOWN,
884f270ef7663d39,USDCHF,SELL,,0.78764,0.78528,0.7888200000000001,0.7852800000000001,2026-04-13T18:36:21+00:00,2026-04-13T20:11:33+00:00,138.24,take_profit,MT5_BACKFILL,UNKNOWN,
c46ff31d6c0694e5,US100.cash,BUY,,25245.18,25235.33,25206.31,25319.91,2026-04-13T19:47:55+00:00,2026-04-13T21:25:31+00:00,-16.55,stop_loss,MT5_BACKFILL,UNKNOWN,
a91d1b7aeb633d36,HEATOIL.c,BUY,,3.945,3.909,3.34,4.48,2026-04-13T19:59:48+00:00,2026-04-13T20:17:38+00:00,-7.2,stop_loss,MT5_BACKFILL,UNKNOWN,
36cb95f4dcce30ce,XAGUSD,BUY,,75.3,75.011,74.84400000000001,76.425,2026-04-13T20:07:34+00:00,2026-04-13T21:14:45+00:00,-72.25,stop_loss,MT5_BACKFILL,UNKNOWN,
99eb7066da98867b,USOIL.cash,BUY,,99.644,99.572,99.235,100.63,2026-04-13T20:13:01+00:00,2026-04-13T20:17:06+00:00,-4.46,stop_loss,MT5_BACKFILL,UNKNOWN,
046a89555ced6558,USDCHF,SELL,,0.78523,0.78363,0.78641,0.7828700000000001,2026-04-13T20:13:05+00:00,2026-04-13T22:30:10+00:00,44.92,take_profit,MT5_BACKFILL,UNKNOWN,
3d9cc8c64d6184a0,HEATOIL.c,BUY,,3.932,3.904,3.327,4.4670000000000005,2026-04-13T20:27:50+00:00,2026-04-13T20:44:52+00:00,-4.48,stop_loss,MT5_BACKFILL,UNKNOWN,
ab3f86e5331c9df4,NZDUSD,BUY,,0.58626,0.58688,0.5853600000000001,0.5880000000000001,2026-04-13T20:55:47+00:00,2026-04-13T22:51:49+00:00,120.28,take_profit,MT5_BACKFILL,UNKNOWN,
e9930bc728786061,USDCHF,SELL,,0.78534,0.78364,0.7865200000000001,0.78298,2026-04-13T21:00:01+00:00,2026-04-13T22:30:12+00:00,132.33,take_profit,MT5_BACKFILL,UNKNOWN,
906da0f01b247c5f,USOIL.cash,SELL,,98.932,99.339,99.328,97.943,2026-04-13T21:10:13+00:00,2026-04-13T21:27:15+00:00,-28.08,stop_loss,MT5_BACKFILL,UNKNOWN,
456d166fbd126a31,GBPCHF,BUY,,1.05841,1.05774,1.05576,1.06238,2026-04-13T21:37:14+00:00,2026-04-13T22:01:22+00:00,-57.31,stop_loss,MT5_BACKFILL,UNKNOWN,
687c94e025422e59,XAGUSD,BUY,,75.29,75.424,74.83800000000001,76.419,2026-04-13T21:43:19+00:00,2026-04-13T22:43:30+00:00,33.5,take_profit,MT5_BACKFILL,UNKNOWN,
c61f917d4fcd35a1,US100.cash,BUY,,25274.48,25350.58,25236.57,25350.3,2026-04-13T21:49:10+00:00,2026-04-13T22:51:48+00:00,152.2,take_profit,MT5_BACKFILL,UNKNOWN,
2dd386b77fa3a528,HEATOIL.c,BUY,,3.823,3.8,3.217,4.357,2026-04-13T21:54:44+00:00,2026-04-13T22:03:47+00:00,-4.6,stop_loss,MT5_BACKFILL,UNKNOWN,
96058c63713a8af5,USOIL.cash,BUY,,97.559,97.117,97.174,98.54,2026-04-13T21:54:47+00:00,2026-04-13T21:55:15+00:00,-17.24,stop_loss,MT5_BACKFILL,UNKNOWN,
e0ec9e8bcde46ad7,USOIL.cash,BUY,,97.784,98.172,97.393,98.762,2026-04-13T22:07:27+00:00,2026-04-13T22:43:00+00:00,19.79,take_profit,MT5_BACKFILL,UNKNOWN,
19ee91ca30439016,UKOIL.cash,SELL,,99.995,100.199,100.395,98.995,2026-04-13T22:07:30+00:00,2026-04-13T22:27:01+00:00,-19.58,stop_loss,MT5_BACKFILL,UNKNOWN,
55a6a42f52c564eb,GBPCHF,BUY,,1.05829,1.05835,1.0556400000000001,1.06226,2026-04-13T22:12:48+00:00,2026-04-13T22:52:07+00:00,6.2,take_profit,MT5_BACKFILL,UNKNOWN,
61361a7acd94ee56,HEATOIL.c,SELL,,3.809,3.84,4.414,3.274,2026-04-13T22:18:42+00:00,2026-04-13T22:52:14+00:00,-7.75,stop_loss,MT5_BACKFILL,UNKNOWN,
6156dfa9f730ec48,USDCHF,BUY,,0.78375,0.78357,0.78254,0.78607,2026-04-13T22:38:32+00:00,2026-04-13T22:52:10+00:00,-29.17,stop_loss,MT5_BACKFILL,UNKNOWN,
b68394f6015372ca,USOIL.cash,BUY,,98.134,97.807,97.741,99.11500000000001,2026-04-13T22:44:11+00:00,2026-04-13T22:51:10+00:00,-17.66,stop_loss,MT5_BACKFILL,UNKNOWN,
b5b02dc9952c3d64,USDCHF,SELL,,0.78374,0.78365,0.7849400000000001,0.78141,2026-04-13T22:44:14+00:00,2026-04-13T22:52:11+00:00,6.89,take_profit,MT5_BACKFILL,UNKNOWN,
6c568a7f3d637428,XAGUSD,SELL,,75.466,75.536,75.919,74.334,2026-04-13T23:29:33+00:00,2026-04-13T23:39:29+00:00,-21.0,stop_loss,MT5_BACKFILL,UNKNOWN,
b223a2b73c2a4c67,UKOIL.cash,SELL,,99.818,100.09,100.217,98.82000000000001,2026-04-13T23:29:36+00:00,2026-04-13T23:39:32+00:00,-22.3,stop_loss,MT5_BACKFILL,UNKNOWN,
dfb32bd5ad1142fc,USDCAD,SELL,,1.37578,1.37616,1.3778700000000002,1.37168,2026-04-14T18:57:47+00:00,2026-04-14T20:32:22+00:00,-99.96,stop_loss,MT5_BACKFILL,UNKNOWN,
a80271f66b8c972e,UKOIL.cash,SELL,,96.982,96.436,97.405,96.047,2026-04-14T19:02:20+00:00,2026-04-14T21:25:07+00:00,341.25,take_profit,MT5_BACKFILL,UNKNOWN,
b2b0b2fc3faacc5b,UK100.cash,SELL,,10615.13,10620.02,10658.26,10552.11,2026-04-14T19:07:21+00:00,2026-04-14T21:26:41+00:00,-41.46,stop_loss,MT5_BACKFILL,UNKNOWN,
a259a748cf0c71ec,NZDUSD,SELL,,0.59046,0.5909,0.5913700000000001,0.5887100000000001,2026-04-14T19:07:25+00:00,2026-04-14T20:32:24+00:00,-143.0,stop_loss,MT5_BACKFILL,UNKNOWN,
8bd575e0d755f1a6,USOIL.cash,SELL,,92.479,92.921,92.884,91.589,2026-04-14T19:07:28+00:00,2026-04-14T20:00:12+00:00,-276.25,stop_loss,MT5_BACKFILL,UNKNOWN,
1fcbdb3ea4937b53,USOIL.cash,SELL,,92.057,91.214,92.46000000000001,91.171,2026-04-14T23:14:32+00:00,2026-04-15T02:34:02+00:00,526.88,take_profit,MT5_BACKFILL,UNKNOWN,
0bd8cfb2e2a7879b,XAGUSD,SELL,,79.573,80.05,80.05,78.379,2026-04-14T23:14:29+00:00,2026-04-15T04:11:33+00:00,-453.15,stop_loss,MT5_BACKFILL,UNKNOWN,
349d68c93d7e5e59,UKOIL.cash,SELL,,96.652,95.752,97.074,95.72,2026-04-14T23:38:59+00:00,2026-04-15T03:56:42+00:00,562.5,take_profit,MT5_BACKFILL,UNKNOWN,
dfc19a05958d9816,UK100.cash,SELL,,10609.33,10621.52,10652.44,10546.34,2026-04-15T13:00:54+00:00,2026-04-15T13:08:24+00:00,-90.91,stop_loss,MT5_BACKFILL,UNKNOWN,
686ca3c581f91425,HK50.cash,SELL,,25910.68,25953.02,26014.32,25755.22,2026-04-15T13:00:57+00:00,2026-04-15T13:08:30+00:00,-27.02,stop_loss,MT5_BACKFILL,UNKNOWN,
a8bbd7d9bfb6a2dc,UKOIL.cash,SELL,,97.484,97.288,97.884,96.519,2026-04-15T13:05:21+00:00,2026-04-15T13:08:17+00:00,96.63,take_profit,MT5_BACKFILL,UNKNOWN,
4e3fd51a718eaeda,XAUUSD,SELL,,4801.62,4800.52,4808.84,4787.24,2026-04-15T13:10:30+00:00,2026-04-15T13:45:01+00:00,58.3,take_profit,MT5_BACKFILL,UNKNOWN,
495911ab700dc6fd,UKOIL.cash,SELL,,97.184,97.658,97.608,96.247,2026-04-15T13:10:33+00:00,2026-04-15T13:15:52+00:00,-284.4,stop_loss,MT5_BACKFILL,UNKNOWN,
b4653b4087b85729,USOIL.cash,SELL,,92.547,92.939,92.912,91.617,2026-04-15T13:20:49+00:00,2026-04-15T13:26:23+00:00,-119.56,stop_loss,MT5_BACKFILL,UNKNOWN,
350c112630147caa,UKOIL.cash,SELL,,97.919,98.338,98.321,96.95,2026-04-15T13:26:57+00:00,2026-04-15T13:37:39+00:00,-206.57,stop_loss,MT5_BACKFILL,UNKNOWN,
c00343852109f1cb,XAUUSD,SELL,,4794.45,4800.43,4801.64,4780.07,2026-04-15T13:38:42+00:00,2026-04-15T13:45:02+00:00,-89.7,stop_loss,MT5_BACKFILL,UNKNOWN,
264849578d8c5bd6,UKOIL.cash,SELL,,97.624,96.598,98.025,96.658,2026-04-15T13:56:59+00:00,2026-04-15T14:46:21+00:00,479.14,take_profit,MT5_BACKFILL,UNKNOWN,
542fbf7665cfefca,USOIL.cash,SELL,,92.057,92.449,92.435,91.146,2026-04-15T14:38:59+00:00,2026-04-15T15:06:17+00:00,-50.57,stop_loss,MT5_BACKFILL,UNKNOWN,
f35a47f302910e12,UKOIL.cash,BUY,,97.088,96.629,96.69500000000001,98.054,2026-04-15T14:46:48+00:00,2026-04-15T14:50:52+00:00,-229.5,stop_loss,MT5_BACKFILL,UNKNOWN,
899e546c84ded33e,USOIL.cash,BUY,,91.739,91.347,91.36200000000001,92.646,2026-04-15T14:49:45+00:00,2026-04-15T14:51:09+00:00,-196.0,stop_loss,MT5_BACKFILL,UNKNOWN,
7f2f1a1707c50291,XAGUSD,SELL,,79.361,79.836,79.837,78.171,2026-04-16T01:52:58+00:00,2026-04-16T03:02:26+00:00,-118.75,stop_loss,MT5_BACKFILL,UNKNOWN,
79f1de7f45df9848,EURUSD,SELL,,1.18026,1.18214,1.18205,1.1767400000000001,2026-04-16T02:03:04+00:00,2026-04-16T06:03:33+00:00,-1128.0,stop_loss,MT5_BACKFILL,UNKNOWN,
d38ba3f5558738f0,GBPUSD,SELL,,1.35694,1.35905,1.3590000000000002,1.3528900000000001,2026-04-16T02:06:26+00:00,2026-04-16T06:03:33+00:00,-314.39,stop_loss,MT5_BACKFILL,UNKNOWN,
5ed97d26b596bcc0,USDJPY,SELL,,158.814,158.342,159.054,158.34,2026-04-16T02:14:20+00:00,2026-04-16T06:05:17+00:00,730.32,take_profit,MT5_BACKFILL,UNKNOWN,
7a032326bc594328,AUDUSD,SELL,,0.7172,0.71832,0.7183,0.7150700000000001,2026-04-16T02:17:32+00:00,2026-04-16T05:29:09+00:00,-426.72,stop_loss,MT5_BACKFILL,UNKNOWN,
fdc32c10eac32460,AUDUSD,SELL,,0.7171,0.71822,0.7182000000000001,0.7149700000000001,2026-04-16T02:25:38+00:00,2026-04-16T05:01:54+00:00,-394.24,stop_loss,MT5_BACKFILL,UNKNOWN,
8a88ced88f2a2d43,USDJPY,SELL,,158.831,158.352,159.071,158.357,2026-04-16T02:25:46+00:00,2026-04-16T06:05:13+00:00,710.85,take_profit,MT5_BACKFILL,UNKNOWN,
9c4576cef5eb420b,XAUUSD,BUY,,4830.85,4822.29,4823.58,4845.32,2026-04-16T03:09:32+00:00,2026-04-16T03:25:56+00:00,-496.48,stop_loss,MT5_BACKFILL,UNKNOWN,
a156024d692f2cb2,XAUUSD,SELL,,4831.82,4817.26,4839.07,4817.32,2026-04-16T03:45:25+00:00,2026-04-16T04:37:24+00:00,87.36,take_profit,MT5_BACKFILL,UNKNOWN,
6a5d7cea3a036d62,EURUSD,SELL,,1.17766,1.17845,1.17945,1.17415,2026-04-16T13:20:37+00:00,2026-04-16T14:46:22+00:00,-183.28,stop_loss,MT5_BACKFILL,UNKNOWN,
fec22218b5543405,USDJPY,SELL,,159.048,159.002,159.28900000000002,158.573,2026-04-16T13:20:40+00:00,2026-04-16T15:07:40+00:00,180.82,take_profit,MT5_BACKFILL,UNKNOWN,
924b3fd17b40c8b8,EURUSD,SELL,,1.17755,1.17838,1.1793200000000001,1.17402,2026-04-16T13:26:06+00:00,2026-04-16T14:46:23+00:00,-71.38,stop_loss,MT5_BACKFILL,UNKNOWN,
4957895d0675e612,XAGUSD,SELL,,79.545,79.739,80.02,78.35000000000001,2026-04-16T13:26:09+00:00,2026-04-16T14:15:07+00:00,-184.3,stop_loss,MT5_BACKFILL,UNKNOWN,
21afb66d232e501a,AUDUSD,SELL,,0.71665,0.71737,0.7177500000000001,0.71452,2026-04-16T13:26:13+00:00,2026-04-16T14:10:34+00:00,-161.28,stop_loss,MT5_BACKFILL,UNKNOWN,
f05e36d896233ea6,USDCAD,SELL,,1.37369,1.37341,1.3757700000000002,1.36959,2026-04-16T13:29:41+00:00,2026-04-16T15:17:40+00:00,65.04,take_profit,MT5_BACKFILL,UNKNOWN,
db77040a5235a547,GBPCHF,SELL,,1.06126,1.0618,1.06393,1.0573000000000001,2026-04-16T13:38:18+00:00,2026-04-16T14:14:56+00:00,-289.49,stop_loss,MT5_BACKFILL,UNKNOWN,
dcbf09ee47ef2189,USDCAD,SELL,,1.37356,1.37336,1.3756400000000002,1.3694600000000001,2026-04-16T13:38:22+00:00,2026-04-16T15:16:49+00:00,72.81,take_profit,MT5_BACKFILL,UNKNOWN,
138a6663134222a5,NZDUSD,SELL,,0.58889,0.58922,0.58979,0.58714,2026-04-16T13:43:36+00:00,2026-04-16T14:15:02+00:00,-165.0,stop_loss,MT5_BACKFILL,UNKNOWN,
18ac58e7d4508352,GBPCHF,SELL,,1.06149,1.0618,1.06416,1.05753,2026-04-16T13:43:40+00:00,2026-04-16T14:14:57+00:00,-103.67,stop_loss,MT5_BACKFILL,UNKNOWN,
04dcebf5c3487a43,XAGUSD,SELL,,79.568,79.737,80.045,78.374,2026-04-16T13:43:44+00:00,2026-04-16T14:15:06+00:00,-118.3,stop_loss,MT5_BACKFILL,UNKNOWN,
34717168f124a0e1,USDCHF,SELL,,0.78402,0.78389,0.78522,0.7816900000000001,2026-04-16T13:48:29+00:00,2026-04-16T15:17:46+00:00,58.04,take_profit,MT5_BACKFILL,UNKNOWN,
1ebb058f3d1398ea,USDJPY,SELL,,159.034,159.028,159.274,158.558,2026-04-16T13:56:56+00:00,2026-04-16T15:07:41+00:00,11.39,take_profit,MT5_BACKFILL,UNKNOWN,
9eeb9e881a8858bf,GBPUSD,SELL,,1.35513,1.35522,1.35718,1.35108,2026-04-16T14:05:48+00:00,2026-04-16T14:14:59+00:00,-34.74,stop_loss,MT5_BACKFILL,UNKNOWN,
139b43691c830509,GBPCHF,SELL,,1.06165,1.06137,1.0643200000000002,1.05769,2026-04-16T14:15:05+00:00,2026-04-16T14:57:12+00:00,57.91,take_profit,MT5_BACKFILL,UNKNOWN,
1dc835ac1c1b6c16,XAGUSD,SELL,,79.718,79.52,80.196,78.522,2026-04-16T14:18:15+00:00,2026-04-16T14:48:17+00:00,207.9,take_profit,MT5_BACKFILL,UNKNOWN,
39fae12c3f75387c,NZDUSD,SELL,,0.58912,0.58948,0.5900200000000001,0.5873700000000001,2026-04-16T14:27:08+00:00,2026-04-16T14:48:04+00:00,-67.68,stop_loss,MT5_BACKFILL,UNKNOWN,
9907cf24a69f62e2,NZDUSD,SELL,,0.58931,0.58948,0.59021,0.5875600000000001,2026-04-16T14:31:48+00:00,2026-04-16T14:48:02+00:00,-35.02,stop_loss,MT5_BACKFILL,UNKNOWN,
b9cfece4633d4e2a,XAGUSD,SELL,,79.528,79.494,80.005,78.33500000000001,2026-04-16T14:39:46+00:00,2026-04-16T14:47:48+00:00,8.5,take_profit,MT5_BACKFILL,UNKNOWN,
09799c0452cfe6cf,GBPUSD,SELL,,1.35524,1.35484,1.35729,1.3511900000000001,2026-04-16T14:10:05+00:00,2026-04-16T16:21:43+00:00,59.6,take_profit,MT5_BACKFILL,UNKNOWN,
c0877c3c7cc17f65,GBPUSD,SELL,,1.35514,1.35485,1.3571600000000001,1.3510600000000001,2026-04-16T14:15:02+00:00,2026-04-16T16:21:45+00:00,14.79,take_profit,MT5_BACKFILL,UNKNOWN,
d7a29dee1abbc2ae,USDCHF,SELL,,0.78407,0.78322,0.7852600000000001,0.78173,2026-04-16T13:52:35+00:00,2026-04-16T17:40:32+00:00,236.59,take_profit,MT5_BACKFILL,UNKNOWN,
1f72d8ce0d67894b,EURUSD,SELL,,1.17768,1.17759,1.17947,1.1741700000000002,2026-04-16T17:40:09+00:00,2026-04-16T18:23:43+00:00,48.6,take_profit,MT5_BACKFILL,UNKNOWN,
f4ad26a4fd12b8aa,USDCAD,SELL,,1.37107,1.37129,1.37315,1.36698,2026-04-16T17:46:12+00:00,2026-04-16T18:23:40+00:00,-42.03,stop_loss,MT5_BACKFILL,UNKNOWN,
acd3ef45488dd93b,AUDUSD,SELL,,0.71643,0.71697,0.7175300000000001,0.7143100000000001,2026-04-16T17:56:17+00:00,2026-04-16T18:22:45+00:00,-112.32,stop_loss,MT5_BACKFILL,UNKNOWN,
5c7c36dd149d284e,NZDUSD,SELL,,0.58878,0.5894,0.5896800000000001,0.58703,2026-04-16T17:56:20+00:00,2026-04-16T18:22:43+00:00,-372.0,stop_loss,MT5_BACKFILL,UNKNOWN,
83381f082acc0c6a,USDCAD,SELL,,1.37106,1.37061,1.37314,1.36697,2026-04-16T18:28:19+00:00,2026-04-16T20:52:00+00:00,86.35,take_profit,MT5_BACKFILL,UNKNOWN,
5f6df72d6b27b787,GBPUSD,SELL,,1.35287,1.35252,1.3549000000000002,1.34881,2026-04-16T18:28:23+00:00,2026-04-16T20:52:03+00:00,19.6,take_profit,MT5_BACKFILL,UNKNOWN,
10522cdd88947d3d,EURUSD,SELL,,1.17823,1.17726,1.1800000000000002,1.1747,2026-04-16T19:26:47+00:00,2026-04-16T20:52:08+00:00,92.15,take_profit,MT5_BACKFILL,UNKNOWN,
e8902d8a4463031d,GBPUSD,SELL,,1.35366,1.35251,1.35569,1.3496000000000001,2026-04-16T19:32:50+00:00,2026-04-16T20:52:05+00:00,48.3,take_profit,MT5_BACKFILL,UNKNOWN,
6a21e099f06fd2a1,USDCHF,SELL,,0.78418,0.78444,0.7853800000000001,0.78185,2026-04-16T20:38:10+00:00,2026-04-16T20:49:54+00:00,-86.51,stop_loss,MT5_BACKFILL,UNKNOWN,
0fa6b9bf878cbb00,USDCHF,SELL,,0.78292,0.78345,0.7841100000000001,0.7805900000000001,2026-04-16T22:39:08+00:00,2026-04-16T23:38:56+00:00,-103.5,stop_loss,MT5_BACKFILL,UNKNOWN,
36fd83b851851534,GBPCHF,SELL,,1.05948,1.06055,1.0621500000000001,1.05553,2026-04-16T22:49:43+00:00,2026-04-17T00:47:36+00:00,-267.58,stop_loss,MT5_BACKFILL,UNKNOWN,
74affbeb5bfdcb78,GBPUSD,SELL,,1.35309,1.35316,1.35514,1.34905,2026-04-17T01:25:05+00:00,2026-04-17T02:32:50+00:00,-8.4,stop_loss,MT5_BACKFILL,UNKNOWN,
2f7f11043f071afd,XAGUSD,SELL,,78.786,78.787,79.259,77.604,2026-04-17T02:00:01+00:00,2026-04-17T02:32:52+00:00,-0.25,stop_loss,MT5_BACKFILL,UNKNOWN,
97adadc6b1df156c,UKOIL.cash,SELL,,89.704,90.108,90.07300000000001,88.81700000000001,2026-04-17T17:06:58+00:00,2026-04-17T17:12:36+00:00,-114.74,stop_loss,MT5_BACKFILL,UNKNOWN,
f11ec16868adbdf6,ETHUSD,SELL,,2431.39,2445.21,2444.04,2401.48,2026-04-17T17:07:09+00:00,2026-04-17T17:37:13+00:00,-234.94,stop_loss,MT5_BACKFILL,UNKNOWN,
5d779f1a47ac21be,US100.cash,SELL,,26604.23,26605.88,26644.74,26525.02,2026-04-17T17:07:12+00:00,2026-04-17T17:09:18+00:00,-8.25,stop_loss,MT5_BACKFILL,UNKNOWN,
013c6e15ecbf1ac5,USOIL.cash,SELL,,84.339,84.716,84.686,83.506,2026-04-17T17:07:23+00:00,2026-04-17T17:12:13+00:00,-79.92,stop_loss,MT5_BACKFILL,UNKNOWN,
85bc56150f0e5021,USDJPY,SELL,,158.074,157.603,158.31300000000002,157.602,2026-04-17T17:07:27+00:00,2026-04-17T17:42:13+00:00,493.11,take_profit,MT5_BACKFILL,UNKNOWN,
28c86ace5465465e,USOIL.cash,SELL,,84.539,83.731,84.897,83.71300000000001,2026-04-17T17:13:20+00:00,2026-04-17T17:24:23+00:00,98.58,take_profit,MT5_BACKFILL,UNKNOWN,
ba3cee773663055d,XAGUSD,SELL,,82.298,82.792,82.792,81.06400000000001,2026-04-17T17:17:58+00:00,2026-04-17T17:34:21+00:00,-123.5,stop_loss,MT5_BACKFILL,UNKNOWN,
366aee745b8b9a1b,US100.cash,SELL,,26589.68,26629.73,26628.56,26508.91,2026-04-17T17:18:02+00:00,2026-04-17T17:33:15+00:00,-200.25,stop_loss,MT5_BACKFILL,UNKNOWN,
d3180ab41af5ea8a,XAUUSD,SELL,,4874.74,4882.33,4882.22,4860.29,2026-04-17T17:22:11+00:00,2026-04-17T17:42:24+00:00,-68.31,stop_loss,MT5_BACKFILL,UNKNOWN,
66a516fe9fab5953,US100.cash,SELL,,26638.53,26679.78,26678.49,26558.61,2026-04-17T17:39:02+00:00,2026-04-17T17:42:17+00:00,-206.25,stop_loss,MT5_BACKFILL,UNKNOWN,
ac0c940f02a08443,ETHUSD,SELL,,2442.0,2455.55,2454.25,2411.51,2026-04-17T17:39:06+00:00,2026-04-17T17:41:43+00:00,-67.75,stop_loss,MT5_BACKFILL,UNKNOWN,
3a205e93522d6fe6,USOIL.cash,BUY,,82.351,81.999,82.017,83.169,2026-04-17T17:42:21+00:00,2026-04-17T17:43:21+00:00,-176.0,stop_loss,MT5_BACKFILL,UNKNOWN,
ad6f2e9ce95fe7e7,USOIL.cash,BUY,,82.406,82.044,82.061,83.215,2026-04-17T17:47:21+00:00,2026-04-17T17:49:51+00:00,-181.0,stop_loss,MT5_BACKFILL,UNKNOWN,
9b1c74cc03b631c6,EURUSD,SELL,,1.183,1.18083,1.18479,1.17947,2026-04-17T17:06:47+00:00,2026-04-17T18:20:05+00:00,538.16,take_profit,MT5_BACKFILL,UNKNOWN,
40756da4ec70c0dc,NZDUSD,SELL,,0.59207,0.59138,0.5929800000000001,0.59031,2026-04-17T17:06:51+00:00,2026-04-17T18:10:10+00:00,124.89,take_profit,MT5_BACKFILL,UNKNOWN,
f325f49d01ae9c81,USDCAD,SELL,,1.3666,1.36668,1.36867,1.3625200000000002,2026-04-17T17:06:54+00:00,2026-04-17T18:09:28+00:00,-15.45,stop_loss,MT5_BACKFILL,UNKNOWN,
662461ca10ed7c96,GBPUSD,SELL,,1.35748,1.35565,1.35956,1.35345,2026-04-17T17:07:01+00:00,2026-04-17T18:24:14+00:00,201.3,take_profit,MT5_BACKFILL,UNKNOWN,
297e9efa91499886,AUDUSD,SELL,,0.72087,0.71931,0.7219700000000001,0.7187300000000001,2026-04-17T17:07:05+00:00,2026-04-17T18:18:34+00:00,168.48,take_profit,MT5_BACKFILL,UNKNOWN,
40e9bd3dff11be4f,HEATOIL.c,SELL,,3.409,3.491,4.014,2.874,2026-04-17T17:07:16+00:00,2026-04-17T18:19:12+00:00,-41.0,stop_loss,MT5_BACKFILL,UNKNOWN,
796ab98d25e67db3,USDCHF,SELL,,0.77829,0.77889,0.7794800000000001,0.7759800000000001,2026-04-17T17:07:20+00:00,2026-04-17T18:18:43+00:00,-194.12,stop_loss,MT5_BACKFILL,UNKNOWN,
c19a148f1e2408d0,GBPCHF,SELL,,1.05654,1.05683,1.0592000000000001,1.0526,2026-04-17T17:18:07+00:00,2026-04-17T18:20:25+00:00,-75.92,stop_loss,MT5_BACKFILL,UNKNOWN,
9fdc7c8b9cb9e39f,EURUSD,SELL,,1.18251,1.18045,1.1843000000000001,1.1789800000000001,2026-04-17T17:22:04+00:00,2026-04-17T19:20:43+00:00,459.38,take_profit,MT5_BACKFILL,UNKNOWN,
4343f00e6188f482,USDCAD,SELL,,1.36553,1.36668,1.3676000000000001,1.36145,2026-04-17T17:22:08+00:00,2026-04-17T18:09:29+00:00,-196.9,stop_loss,MT5_BACKFILL,UNKNOWN,
382eb3f320165074,UKOIL.cash,BUY,,87.578,88.449,87.218,88.444,2026-04-17T17:42:25+00:00,2026-04-17T17:59:51+00:00,435.5,take_profit,MT5_BACKFILL,UNKNOWN,
030a884794c68217,UK100.cash,BUY,,10657.15,10653.3,10614.52,10721.09,2026-04-17T17:42:29+00:00,2026-04-17T18:20:35+00:00,-26.11,stop_loss,MT5_BACKFILL,UNKNOWN,
cecfa0e001588643,GBPUSD,SELL,,1.35858,1.35662,1.3606200000000002,1.3545,2026-04-17T17:42:34+00:00,2026-04-17T18:10:13+00:00,68.6,take_profit,MT5_BACKFILL,UNKNOWN,
a9481cb7430d6c2a,XAGUSD,SELL,,82.938,82.8,83.435,81.693,2026-04-17T17:42:39+00:00,2026-04-17T18:10:02+00:00,34.5,take_profit,MT5_BACKFILL,UNKNOWN,
e1808c2a734db292,USDCHF,SELL,,0.77784,0.77901,0.7790100000000001,0.77551,2026-04-17T17:42:43+00:00,2026-04-17T18:03:01+00:00,-52.57,stop_loss,MT5_BACKFILL,UNKNOWN,
15ce47bb1c22961e,US100.cash,BUY,,26682.53,26660.08,26642.010000000002,26762.08,2026-04-17T17:47:24+00:00,2026-04-17T18:20:29+00:00,-112.25,stop_loss,MT5_BACKFILL,UNKNOWN,
478ee8a423a7aacd,ETHUSD,BUY,,2446.14,2431.67,2433.02,2475.82,2026-04-17T17:47:28+00:00,2026-04-17T18:04:06+00:00,-723.5,stop_loss,MT5_BACKFILL,UNKNOWN,
0d0aabbc3c694cc0,XAUUSD,SELL,,4876.98,4865.98,4884.33,4862.38,2026-04-17T17:47:34+00:00,2026-04-17T18:19:29+00:00,110.0,take_profit,MT5_BACKFILL,UNKNOWN,
b4a49dc820ca8e8e,XAGUSD,SELL,,82.918,82.8,83.416,81.674,2026-04-17T17:47:38+00:00,2026-04-17T18:10:05+00:00,29.5,take_profit,MT5_BACKFILL,UNKNOWN,
641e6a5b904de892,NZDUSD,BUY,,0.59168,0.59098,0.59077,0.59343,2026-04-17T17:56:08+00:00,2026-04-17T18:18:58+00:00,-350.0,stop_loss,MT5_BACKFILL,UNKNOWN,
648e010e2c5150df,USOIL.cash,BUY,,83.001,83.794,82.644,83.806,2026-04-17T18:05:17+00:00,2026-04-17T18:18:58+00:00,341.78,take_profit,MT5_BACKFILL,UNKNOWN,
875cfa5558d7d435,UKOIL.cash,SELL,,89.139,89.528,89.506,88.258,2026-04-17T18:09:31+00:00,2026-04-17T18:14:33+00:00,-78.19,stop_loss,MT5_BACKFILL,UNKNOWN,
cabaf299c0fe5487,ETHUSD,BUY,,2443.96,2441.24,2431.7400000000002,2474.51,2026-04-17T18:14:12+00:00,2026-04-17T18:20:45+00:00,-18.22,stop_loss,MT5_BACKFILL,UNKNOWN,
cbb2f2590e601f9b,XAGUSD,BUY,,82.723,82.416,82.227,83.964,2026-04-17T18:18:24+00:00,2026-04-17T18:19:05+00:00,-153.5,stop_loss,MT5_BACKFILL,UNKNOWN,
3f0d6bf8f8b9d4ed,UKOIL.cash,SELL,,89.409,89.763,89.777,88.525,2026-04-17T18:18:27+00:00,2026-04-17T18:18:41+00:00,-70.09,stop_loss,MT5_BACKFILL,UNKNOWN,
81a2f7fb5aa2d570,NZDUSD,BUY,,0.59089,0.59078,0.58997,0.5926300000000001,2026-04-17T18:21:03+00:00,2026-04-17T19:03:36+00:00,-55.0,stop_loss,MT5_BACKFILL,UNKNOWN,
f8bd50b65c1c6454,XAGUSD,BUY,,82.435,82.219,81.94,83.672,2026-04-17T18:21:09+00:00,2026-04-17T19:04:06+00:00,-54.0,stop_loss,MT5_BACKFILL,UNKNOWN,
19dfda4e713d5483,US100.cash,BUY,,26662.63,26680.43,26622.54,26742.52,2026-04-17T18:21:14+00:00,2026-04-17T19:03:45+00:00,48.06,take_profit,MT5_BACKFILL,UNKNOWN,
c86de0bd4fc250cf,AUDUSD,BUY,,0.7188,0.71881,0.7177,0.72094,2026-04-17T18:21:18+00:00,2026-04-17T18:24:23+00:00,2.63,take_profit,MT5_BACKFILL,UNKNOWN,
4131fcf21f9e5626,UK100.cash,BUY,,10657.15,10684.2,10614.52,10721.09,2026-04-17T18:21:22+00:00,2026-04-17T19:20:53+00:00,183.35,take_profit,MT5_BACKFILL,UNKNOWN,
9defdba2d0012cc4,USDJPY,BUY,,158.018,158.051,157.779,158.49,2026-04-17T18:21:26+00:00,2026-04-17T19:17:31+00:00,34.03,take_profit,MT5_BACKFILL,UNKNOWN,
1986c01c27dc66cc,XAUUSD,BUY,,4864.71,4856.74,4857.42,4879.31,2026-04-17T18:21:30+00:00,2026-04-17T18:44:21+00:00,-39.85,stop_loss,MT5_BACKFILL,UNKNOWN,
91aee19c01cf5eff,GBPUSD,SELL,,1.35562,1.3556,1.3576300000000001,1.3515300000000001,2026-04-17T18:21:34+00:00,2026-04-17T19:20:48+00:00,0.62,take_profit,MT5_BACKFILL,UNKNOWN,
35d3f548383913d6,UKOIL.cash,SELL,,90.074,90.463,90.444,89.183,2026-04-17T18:21:38+00:00,2026-04-17T18:29:01+00:00,-74.69,stop_loss,MT5_BACKFILL,UNKNOWN,
6b330eaaa597c98c,USOIL.cash,SELL,,84.049,84.411,84.4,83.223,2026-04-17T18:21:41+00:00,2026-04-17T18:26:03+00:00,-73.85,stop_loss,MT5_BACKFILL,UNKNOWN,
f2550e1640817200,USDCHF,SELL,,0.77931,0.77963,0.7805000000000001,0.7769900000000001,2026-04-17T18:21:46+00:00,2026-04-17T19:03:55+00:00,-73.47,stop_loss,MT5_BACKFILL,UNKNOWN,
3991d0fbdea0c8da,USOIL.cash,BUY,,84.681,84.319,84.33200000000001,85.518,2026-04-17T18:33:28+00:00,2026-04-17T18:34:29+00:00,-144.44,stop_loss,MT5_BACKFILL,UNKNOWN,
39adc05355352f1a,ETHUSD,BUY,,2444.09,2444.39,2431.55,2474.32,2026-04-17T18:33:31+00:00,2026-04-17T19:04:50+00:00,2.04,take_profit,MT5_BACKFILL,UNKNOWN,
b44d99476884457b,AUDUSD,BUY,,0.71946,0.71883,0.7183600000000001,0.7216,2026-04-17T18:36:41+00:00,2026-04-17T19:00:57+00:00,-165.06,stop_loss,MT5_BACKFILL,UNKNOWN,
112692306861f5a1,UKOIL.cash,BUY,,90.373,90.019,90.012,91.277,2026-04-17T18:36:45+00:00,2026-04-17T18:39:35+00:00,-22.66,stop_loss,MT5_BACKFILL,UNKNOWN,
bc6ff5186f134426,GBPUSD,SELL,,1.3555,1.3556,1.3575300000000001,1.3514300000000001,2026-04-17T18:36:49+00:00,2026-04-17T19:20:49+00:00,-3.0,stop_loss,MT5_BACKFILL,UNKNOWN,
b1db3dad23d74777,NZDUSD,BUY,,0.59083,0.59077,0.58994,0.5926,2026-04-17T18:40:52+00:00,2026-04-17T19:03:34+00:00,-5.64,stop_loss,MT5_BACKFILL,UNKNOWN,
6dd62ade4d90942e,UKOIL.cash,BUY,,90.068,90.104,89.723,90.98400000000001,2026-04-17T18:40:56+00:00,2026-04-17T19:03:53+00:00,2.92,take_profit,MT5_BACKFILL,UNKNOWN,
87e4a631471aa3cb,XAUUSD,BUY,,4869.18,4861.35,4861.91,4883.82,2026-04-17T18:41:01+00:00,2026-04-17T18:43:33+00:00,-46.98,stop_loss,MT5_BACKFILL,UNKNOWN,
a275ca807243800e,USDJPY,BUY,,158.127,158.04,157.87800000000001,158.589,2026-04-17T18:41:05+00:00,2026-04-17T19:17:36+00:00,-40.74,stop_loss,MT5_BACKFILL,UNKNOWN,
944db506085627b6,USOIL.cash,SELL,,83.949,84.301,84.295,83.119,2026-04-17T18:41:10+00:00,2026-04-17T18:42:31+00:00,-64.77,stop_loss,MT5_BACKFILL,UNKNOWN,
6021d3ca6e626c7d,XAUUSD,BUY,,4860.08,4871.21,4852.82,4874.6900000000005,2026-04-17T18:47:25+00:00,2026-04-17T19:10:52+00:00,89.04,take_profit,MT5_BACKFILL,UNKNOWN,
47496e433409d35b,HEATOIL.c,BUY,,3.512,3.459,2.907,4.047,2026-04-17T18:47:29+00:00,2026-04-17T18:53:59+00:00,-26.5,stop_loss,MT5_BACKFILL,UNKNOWN,
d7e7b7d5bff12625,USOIL.cash,SELL,,84.309,84.391,84.656,83.476,2026-04-17T18:47:33+00:00,2026-04-17T19:01:02+00:00,-14.92,stop_loss,MT5_BACKFILL,UNKNOWN,
692e1c8243dd80fa,USDCAD,BUY,,1.36705,1.36688,1.36497,1.3711200000000001,2026-04-17T19:46:13+00:00,2026-04-17T19:46:58+00:00,-21.76,stop_loss,MT5_BACKFILL,UNKNOWN,
068cfbda6a49426c,EURUSD,BUY,,1.18009,1.1794,1.1783000000000001,1.18361,2026-04-17T19:45:43+00:00,2026-04-17T20:03:57+00:00,-345.0,stop_loss,MT5_BACKFILL,UNKNOWN,
25680363a10b9881,GBPCHF,BUY,,1.05624,1.05666,1.0535800000000002,1.0601800000000001,2026-04-17T19:45:47+00:00,2026-04-17T20:24:47+00:00,269.12,take_profit,MT5_BACKFILL,UNKNOWN,
c85b61dedbde3685,XAGUSD,BUY,,82.379,82.131,81.884,83.614,2026-04-17T19:45:50+00:00,2026-04-17T20:03:59+00:00,-99.2,stop_loss,MT5_BACKFILL,UNKNOWN,
29c5e2087911886d,ETHUSD,BUY,,2458.48,2444.95,2445.7000000000003,2488.71,2026-04-17T19:45:54+00:00,2026-04-17T20:02:31+00:00,-165.07,stop_loss,MT5_BACKFILL,UNKNOWN,
e3370ef5b0bd5a49,XAUUSD,BUY,,4869.15,4865.75,4861.85,4883.76,2026-04-17T19:45:58+00:00,2026-04-17T20:03:54+00:00,-40.8,stop_loss,MT5_BACKFILL,UNKNOWN,
51363e149fc66515,NZDUSD,BUY,,0.59099,0.59,0.59008,0.59274,2026-04-17T19:46:02+00:00,2026-04-17T20:08:49+00:00,-451.44,stop_loss,MT5_BACKFILL,UNKNOWN,
b73e66a645966cd9,US100.cash,BUY,,26721.68,26680.93,26681.7,26801.95,2026-04-17T19:46:05+00:00,2026-04-17T20:08:49+00:00,-203.75,stop_loss,MT5_BACKFILL,UNKNOWN,
c1b04ff1e06816f3,AUDUSD,BUY,,0.71916,0.7186,0.71806,0.7213,2026-04-17T19:46:09+00:00,2026-04-17T20:03:50+00:00,-279.44,stop_loss,MT5_BACKFILL,UNKNOWN,
6b2330060a775281,USDCHF,BUY,,0.77929,0.78032,0.7781,0.78161,2026-04-17T19:46:16+00:00,2026-04-17T20:24:47+00:00,289.07,take_profit,MT5_BACKFILL,UNKNOWN,
94002ee078725642,UKOIL.cash,BUY,,90.203,90.519,89.842,91.105,2026-04-17T19:46:20+00:00,2026-04-17T20:04:12+00:00,27.81,take_profit,MT5_BACKFILL,UNKNOWN,
12772b900e567cd0,GBPUSD,BUY,,1.35548,1.35493,1.3534300000000001,1.3595300000000001,2026-04-17T19:46:24+00:00,2026-04-17T20:04:03+00:00,-138.05,stop_loss,MT5_BACKFILL,UNKNOWN,
6aadabb7185ed61c,USDJPY,BUY,,158.018,158.23,157.778,158.489,2026-04-17T19:46:28+00:00,2026-04-17T20:24:47+00:00,183.56,take_profit,MT5_BACKFILL,UNKNOWN,
6b1fbf1c4a2a5974,USOIL.cash,SELL,,84.249,84.621,84.60600000000001,83.426,2026-04-17T19:46:31+00:00,2026-04-17T20:01:59+00:00,-78.12,stop_loss,MT5_BACKFILL,UNKNOWN,
6e54d778e5332cc7,XAUUSD,BUY,,4866.28,4865.8,4858.9800000000005,4880.88,2026-04-17T19:52:31+00:00,2026-04-17T20:03:55+00:00,-5.76,stop_loss,MT5_BACKFILL,UNKNOWN,
acec9579c623977c,NZDUSD,BUY,,0.59097,0.58999,0.59006,0.59272,2026-04-17T19:52:35+00:00,2026-04-17T20:08:49+00:00,-133.28,stop_loss,MT5_BACKFILL,UNKNOWN,
c5dd3dff03009826,HEATOIL.c,BUY,,3.5,3.486,2.895,4.035,2026-04-17T19:52:39+00:00,2026-04-17T20:04:09+00:00,-7.0,stop_loss,MT5_BACKFILL,UNKNOWN,
aa8095fbf02bd1b8,EURUSD,BUY,,1.17943,1.17872,1.17764,1.1829500000000002,2026-04-17T20:08:02+00:00,2026-04-17T20:24:47+00:00,-355.0,stop_loss,MT5_BACKFILL,UNKNOWN,
228a14ab8e05b89a,XAUUSD,BUY,,4865.98,4858.35,4858.6900000000005,4880.59,2026-04-17T20:08:06+00:00,2026-04-17T20:08:56+00:00,-99.19,stop_loss,MT5_BACKFILL,UNKNOWN,
fa95045f862ceb4c,AUDUSD,BUY,,0.7185,0.71772,0.7174,0.7206400000000001,2026-04-17T20:08:10+00:00,2026-04-17T20:24:47+00:00,-341.64,stop_loss,MT5_BACKFILL,UNKNOWN,
31bb1d85f6b09f40,USDJPY,BUY,,158.145,158.23,157.90800000000002,158.619,2026-04-17T20:08:13+00:00,2026-04-17T20:24:47+00:00,46.2,take_profit,MT5_BACKFILL,UNKNOWN,
fda171c21f19eabf,GBPUSD,BUY,,1.35499,1.3541699999999999,1.3529200000000001,1.35901,2026-04-17T20:08:17+00:00,2026-04-17T20:24:47+00:00,-205.82,stop_loss,MT5_BACKFILL,UNKNOWN,
10f00efa90be541d,USDCHF,BUY,,0.77994,0.78032,0.7787600000000001,0.78227,2026-04-17T20:08:21+00:00,2026-04-17T20:24:47+00:00,50.65,take_profit,MT5_BACKFILL,UNKNOWN,
883fffa566fb4ff1,XAGUSD,BUY,,81.967,81.455,81.47500000000001,83.197,2026-04-17T20:10:36+00:00,2026-04-17T20:24:44+00:00,-153.6,stop_loss,MT5_BACKFILL,UNKNOWN,
32da68ec73c35f67,HEATOIL.c,BUY,,3.523,3.51,2.918,4.058,2026-04-17T20:10:39+00:00,2026-04-17T20:24:47+00:00,-6.5,stop_loss,MT5_BACKFILL,UNKNOWN,
63c2f6a0fa6804af,ETHUSD,BUY,,2436.31,2424.04,2424.13,2466.76,2026-04-17T20:10:43+00:00,2026-04-17T20:24:33+00:00,-100.61,stop_loss,MT5_BACKFILL,UNKNOWN,
a7892b794f866067,GBPCHF,BUY,,1.06538,1.06511,1.06271,1.0693700000000002,2026-04-28T12:43:20+00:00,2026-04-28T13:35:22+00:00,-85.48,stop_loss,MT5_BACKFILL,UNKNOWN,
84b583332c211da9,ETHUSD,BUY,,2282.76,2283.19,2271.35,2311.29,2026-04-28T12:43:23+00:00,2026-04-28T13:35:13+00:00,4.0,take_profit,MT5_BACKFILL,UNKNOWN,
f25f1408d1164f9d,AUDUSD,BUY,,0.71724,0.71645,0.7161400000000001,0.7193700000000001,2026-04-28T12:43:27+00:00,2026-04-28T13:35:06+00:00,-395.0,stop_loss,MT5_BACKFILL,UNKNOWN,
6a543d0e8e9ee75e,UK100.cash,BUY,,10372.65,10371.3,10331.16,10434.89,2026-04-28T12:43:30+00:00,2026-04-28T13:35:35+00:00,-9.11,stop_loss,MT5_BACKFILL,UNKNOWN,
0885038395c447ef,EURUSD,BUY,,1.1691,1.16919,1.1673300000000002,1.17259,2026-04-28T12:43:34+00:00,2026-04-28T13:35:16+00:00,42.84,take_profit,MT5_BACKFILL,UNKNOWN,
5f4e38806a5691e7,GBPUSD,BUY,,1.34886,1.34889,1.3468300000000002,1.3529000000000002,2026-04-28T12:43:37+00:00,2026-04-28T13:35:19+00:00,12.3,take_profit,MT5_BACKFILL,UNKNOWN,
8475699bb2e1feb8,NZDUSD,BUY,,0.58867,0.58795,0.5877800000000001,0.59043,2026-04-28T12:43:41+00:00,2026-04-28T13:35:29+00:00,-180.0,stop_loss,MT5_BACKFILL,UNKNOWN,
f2037c000fe57238,USDCHF,SELL,,0.78972,0.78966,0.7909200000000001,0.78737,2026-04-28T12:43:44+00:00,2026-04-28T13:35:32+00:00,34.65,take_profit,MT5_BACKFILL,UNKNOWN,
053eb958710c184d,USDCAD,SELL,,1.36564,1.36656,1.3677100000000002,1.36156,2026-04-28T12:43:48+00:00,2026-04-28T13:35:27+00:00,-336.61,stop_loss,MT5_BACKFILL,UNKNOWN,
f09165423b8f87c0,GBPCHF,BUY,,1.06515,1.06449,1.06247,1.06912,2026-04-28T13:36:09+00:00,2026-04-28T14:43:28+00:00,-151.2,stop_loss,MT5_BACKFILL,UNKNOWN,
1d58c993a3f7b41a,ETHUSD,BUY,,2284.39,2272.96,2272.9700000000003,2312.94,2026-04-28T13:36:12+00:00,2026-04-28T14:18:12+00:00,-113.16,stop_loss,MT5_BACKFILL,UNKNOWN,
f72a0b751aaa17e9,USDCHF,BUY,,0.78959,0.78965,0.78839,0.7919400000000001,2026-04-28T13:36:16+00:00,2026-04-28T15:56:55+00:00,13.45,take_profit,MT5_BACKFILL,UNKNOWN,
2c6e614f21058dfa,AUDUSD,BUY,,0.7165,0.7154,0.71545,0.71867,2026-04-28T13:36:20+00:00,2026-04-28T14:35:27+00:00,-550.0,stop_loss,MT5_BACKFILL,UNKNOWN,
87122861bfa82f65,GBPUSD,BUY,,1.34902,1.34733,1.34698,1.35305,2026-04-28T13:36:24+00:00,2026-04-28T14:43:31+00:00,-845.0,stop_loss,MT5_BACKFILL,UNKNOWN,
c070e55fb22f5e3e,NZDUSD,BUY,,0.58811,0.58787,0.58721,0.5898500000000001,2026-04-28T13:36:27+00:00,2026-04-28T13:44:41+00:00,-60.0,stop_loss,MT5_BACKFILL,UNKNOWN,
c41ce942cc879d23,UK100.cash,SELL,,10372.3,10309.15,10413.79,10310.07,2026-04-28T13:36:30+00:00,2026-04-28T15:22:36+00:00,425.31,take_profit,MT5_BACKFILL,UNKNOWN,
1b80dacfe38ca40b,USDJPY,SELL,,159.621,159.745,159.862,159.144,2026-04-28T13:36:34+00:00,2026-04-28T14:43:05+00:00,-111.0,stop_loss,MT5_BACKFILL,UNKNOWN,
a71c76c93cd70853,USDCAD,SELL,,1.36633,1.36685,1.3684,1.3622500000000002,2026-04-28T13:36:37+00:00,2026-04-28T14:43:34+00:00,-190.22,stop_loss,MT5_BACKFILL,UNKNOWN,
c481d2970f0cbf08,ETHUSD,BUY,,2323.14,2321.22,2311.52,2352.18,2026-04-29T10:30:13+00:00,2026-04-29T10:47:09+00:00,-5.18,stop_loss,MT5_BACKFILL,UNKNOWN,
4d59a14e26da6eea,ETHUSD,BUY,,2323.5,2322.9,2311.75,2352.41,2026-04-29T11:14:02+00:00,2026-04-29T11:49:29+00:00,-1.62,stop_loss,MT5_BACKFILL,UNKNOWN,
97792b4e3d7213e5,ETHUSD,BUY,,2321.58,2322.9,2309.9700000000003,2350.6,2026-04-29T11:34:38+00:00,2026-04-29T11:49:27+00:00,1.85,take_profit,MT5_BACKFILL,UNKNOWN,
06ed884ca34b3290,ETHUSD,BUY,,2323.04,2333.9,2311.42,2352.08,2026-04-29T12:07:19+00:00,2026-04-29T13:41:01+00:00,30.41,take_profit,MT5_BACKFILL,UNKNOWN,
1347e1efb992b08e,USDCHF,BUY,,0.78952,0.78982,0.78834,0.7918900000000001,2026-04-29T12:36:14+00:00,2026-04-29T13:40:07+00:00,27.35,take_profit,MT5_BACKFILL,UNKNOWN,
effe4405fa26ca26,USDCHF,BUY,,0.7899,0.78982,0.7887200000000001,0.79227,2026-04-29T13:11:29+00:00,2026-04-29T13:40:56+00:00,-6.89,stop_loss,MT5_BACKFILL,UNKNOWN,
5bb221fc113448b5,ETHUSD,BUY,,2255.41,2243.63,2244.13,2283.6,2026-04-30T00:52:57+00:00,2026-04-30T05:31:37+00:00,-60.08,stop_loss,MT5_BACKFILL,UNKNOWN,
9eb93d3b8b39c85e,ETHUSD,BUY,,2253.66,2242.22,2242.39,2281.83,2026-04-30T01:31:35+00:00,2026-04-30T05:34:13+00:00,-84.66,stop_loss,MT5_BACKFILL,UNKNOWN,
6b82597cdd03aca2,USDJPY,BUY,,160.34,160.093,160.097,160.81900000000002,2026-04-30T01:31:45+00:00,2026-04-30T03:08:13+00:00,-286.97,stop_loss,MT5_BACKFILL,UNKNOWN,
5a763f8221f81dbc,USDCHF,SELL,,0.79103,0.79225,0.7922300000000001,0.7886700000000001,2026-04-30T01:31:49+00:00,2026-04-30T07:32:52+00:00,-411.16,stop_loss,MT5_BACKFILL,UNKNOWN,
888f1c1e7e3aa597,AUDUSD,BUY,,0.71181,0.71392,0.71072,0.7139300000000001,2026-04-30T00:52:53+00:00,2026-04-30T11:05:19+00:00,527.5,take_profit,MT5_BACKFILL,UNKNOWN,
08348593b85d289e,USDCAD,BUY,,1.36778,1.36572,1.36573,1.3718800000000002,2026-04-30T01:31:38+00:00,2026-04-30T13:29:47+00:00,-101.06,stop_loss,MT5_BACKFILL,UNKNOWN,
54d18d7e4fa6b9a9,GBPCHF,BUY,,1.06666,1.064,1.06397,1.07064,2026-04-30T01:31:42+00:00,2026-04-30T12:08:00+00:00,-738.33,stop_loss,MT5_BACKFILL,UNKNOWN,
3a47999fb5d05db5,ETHUSD,BUY,,2258.6,2259.08,2247.31,2286.83,2026-04-30T10:55:41+00:00,2026-04-30T13:32:57+00:00,0.96,take_profit,MT5_BACKFILL,UNKNOWN,
7d84e79fbeb30f2f,ETHUSD,BUY,,2264.38,2258.89,2253.06,2292.68,2026-04-30T12:34:49+00:00,2026-04-30T13:33:00+00:00,-11.53,stop_loss,MT5_BACKFILL,UNKNOWN,
f4cea2faaecb679d,USDJPY,BUY,,159.333,159.087,159.09,159.80700000000002,2026-04-30T12:34:52+00:00,2026-04-30T13:26:52+00:00,-168.55,stop_loss,MT5_BACKFILL,UNKNOWN,
b77970f71683c773,USDCHF,BUY,,0.78814,0.78693,0.7869400000000001,0.7904800000000001,2026-04-30T12:34:56+00:00,2026-04-30T13:26:52+00:00,-345.96,stop_loss,MT5_BACKFILL,UNKNOWN,
54accc76404be118,USDCAD,BUY,,1.36657,1.36535,1.3645,1.3706500000000001,2026-04-30T12:34:59+00:00,2026-04-30T13:33:06+00:00,-265.38,stop_loss,MT5_BACKFILL,UNKNOWN,
7fbafb30bb73f966,GBPCHF,BUY,,1.06356,1.06241,1.06089,1.0675400000000002,2026-04-30T12:35:03+00:00,2026-04-30T13:32:41+00:00,-346.72,stop_loss,MT5_BACKFILL,UNKNOWN,
9ecc6687a7208b08,USDCAD,BUY,,1.36547,1.36541,1.36342,1.3695700000000002,2026-04-30T13:32:19+00:00,2026-04-30T13:33:11+00:00,-3.56,stop_loss,MT5_BACKFILL,UNKNOWN,
5bfe0408d3b26818,USDJPY,BUY,,158.193,157.953,157.961,158.673,2026-04-30T13:32:23+00:00,2026-04-30T13:32:44+00:00,-106.36,stop_loss,MT5_BACKFILL,UNKNOWN,
f35747f544b5878e,AUDUSD,SELL,,0.71558,0.71574,0.7166100000000001,0.7133900000000001,2026-04-30T13:32:26+00:00,2026-04-30T13:32:51+00:00,-11.2,stop_loss,MT5_BACKFILL,UNKNOWN,
547d0c295e1471ec,ETHUSD,BUY,,2259.34,2266.95,2248.04,2287.58,2026-04-30T13:52:39+00:00,2026-04-30T14:18:04+00:00,17.5,take_profit,MT5_BACKFILL,UNKNOWN,
c7f900ac8544f4ff,USDJPY,BUY,,157.193,156.935,156.925,157.632,2026-04-30T13:52:43+00:00,2026-04-30T14:02:23+00:00,-129.88,stop_loss,MT5_BACKFILL,UNKNOWN,
4c403018cfa7526a,USDCAD,BUY,,1.36558,1.3657,1.3635100000000002,1.36966,2026-04-30T13:52:46+00:00,2026-04-30T14:18:02+00:00,43.93,take_profit,MT5_BACKFILL,UNKNOWN,
c9cc2320b33a047f,NZDUSD,SELL,,0.58613,0.58688,0.58703,0.5843900000000001,2026-04-30T13:52:50+00:00,2026-04-30T14:17:54+00:00,-135.0,stop_loss,MT5_BACKFILL,UNKNOWN,
56060209051b2498,NZDUSD,BUY,,0.58682,0.58678,0.5859000000000001,0.5885400000000001,2026-04-30T14:14:58+00:00,2026-04-30T14:17:56+00:00,-9.32,stop_loss,MT5_BACKFILL,UNKNOWN,
f06dbbec35394f86,ETHUSD,BUY,,2267.84,2255.78,2256.39,2296.08,2026-04-30T14:18:08+00:00,2026-04-30T14:42:04+00:00,-88.04,stop_loss,MT5_BACKFILL,UNKNOWN,
06ed0e5a73a67097,AUDUSD,BUY,,0.71566,0.71455,0.71457,0.71779,2026-04-30T14:18:11+00:00,2026-04-30T15:16:01+00:00,-341.88,stop_loss,MT5_BACKFILL,UNKNOWN,
eb0c15dc90b1c7d7,USDJPY,BUY,,157.007,156.768,156.773,157.48,2026-04-30T14:18:18+00:00,2026-04-30T14:20:18+00:00,-71.65,stop_loss,MT5_BACKFILL,UNKNOWN,
2450141340cc7445,ETHUSD,BUY,,2266.63,2252.57,2255.3,2294.96,2026-04-30T14:20:27+00:00,2026-04-30T14:45:37+00:00,-102.64,stop_loss,MT5_BACKFILL,UNKNOWN,
23a060cfff63dd49,ETHUSD,BUY,,2257.61,2265.04,2246.41,2285.92,2026-04-30T14:43:11+00:00,2026-04-30T15:47:43+00:00,30.46,take_profit,MT5_BACKFILL,UNKNOWN,
ae4c4aef596ca367,ETHUSD,BUY,,2261.58,2265.13,2250.27,2289.85,2026-04-30T15:17:59+00:00,2026-04-30T15:47:45+00:00,5.33,take_profit,MT5_BACKFILL,UNKNOWN,
04636163175fcc41,UKOIL.cash,SELL,,115.186,115.656,115.657,114.044,2026-04-30T15:33:23+00:00,2026-04-30T15:35:13+00:00,-49.82,stop_loss,MT5_BACKFILL,UNKNOWN,
7d9170c30b6a411a,NZDUSD,BUY,,0.58693,0.58866,0.58603,0.58867,2026-04-30T14:18:15+00:00,2026-04-30T17:22:52+00:00,865.0,take_profit,MT5_BACKFILL,UNKNOWN,
7a2c7c6cddd42ab1,HEATOIL.c,SELL,,4.172,4.22,4.777,3.637,2026-04-30T15:33:19+00:00,2026-04-30T17:23:03+00:00,-24.0,stop_loss,MT5_BACKFILL,UNKNOWN,
a01e9254f7862aa6,ETHUSD,BUY,,2265.24,2253.81,2253.91,2293.56,2026-04-30T15:48:23+00:00,2026-04-30T16:30:02+00:00,-16.0,stop_loss,MT5_BACKFILL,UNKNOWN,
2fbf2ea333620f88,ETHUSD,BUY,,2267.39,2256.05,2256.05,2295.73,2026-04-30T15:51:48+00:00,2026-04-30T16:28:52+00:00,-15.88,stop_loss,MT5_BACKFILL,UNKNOWN,
c68b20009cbab291,AUDUSD,SELL,,0.71533,0.71641,0.7164100000000001,0.7131900000000001,2026-04-30T16:15:51+00:00,2026-04-30T16:49:18+00:00,-65.88,stop_loss,MT5_BACKFILL,UNKNOWN,
aa337e543c49a451,USDCAD,SELL,,1.36677,1.36268,1.36884,1.3626900000000002,2026-04-30T16:15:55+00:00,2026-04-30T17:52:01+00:00,339.16,take_profit,MT5_BACKFILL,UNKNOWN,
143bfb7fbb779e6b,ETHUSD,BUY,,2257.19,2263.6,2245.9,2285.4,2026-04-30T17:30:37+00:00,2026-04-30T18:25:21+00:00,31.41,take_profit,MT5_BACKFILL,UNKNOWN,
7bd2ca5d7cfb5e15,EURUSD,SELL,,1.17126,1.17302,1.1730200000000002,1.16775,2026-04-30T17:30:40+00:00,2026-04-30T17:55:24+00:00,-68.64,stop_loss,MT5_BACKFILL,UNKNOWN,
361892831ce06d29,GBPUSD,SELL,,1.35583,1.35782,1.35782,1.35172,2026-04-30T17:30:44+00:00,2026-04-30T17:55:23+00:00,-57.71,stop_loss,MT5_BACKFILL,UNKNOWN,
5e9ff0136d08f953,ETHUSD,BUY,,2268.63,2263.04,2256.8,2296.4900000000002,2026-04-30T18:31:18+00:00,2026-04-30T19:13:09+00:00,-139.75,stop_loss,MT5_BACKFILL,UNKNOWN,
163ec8ffffcc6fc3,UK100.cash,BUY,,10375.95,10360.0,10334.65,10438.41,2026-04-30T18:31:22+00:00,2026-04-30T19:27:18+00:00,-108.29,stop_loss,MT5_BACKFILL,UNKNOWN,
0bb2bb93337528c7,AUDUSD,BUY,,0.71882,0.71784,0.7177300000000001,0.7209700000000001,2026-04-30T18:31:26+00:00,2026-04-30T19:27:09+00:00,-490.0,stop_loss,MT5_BACKFILL,UNKNOWN,
9863726ad643bdbf,USDJPY,BUY,,156.703,156.532,156.468,157.173,2026-04-30T18:31:29+00:00,2026-04-30T19:13:13+00:00,-96.13,stop_loss,MT5_BACKFILL,UNKNOWN,
9c0814d512a02fb6,ETHUSD,BUY,,2265.37,2262.28,2254.04,2293.69,2026-04-30T22:35:26+00:00,2026-05-01T00:15:06+00:00,-22.87,stop_loss,MT5_BACKFILL,UNKNOWN,
2b4cc0ea9b9df066,USDJPY,BUY,,156.495,156.965,156.261,156.965,2026-04-30T22:35:30+00:00,2026-05-01T02:48:05+00:00,83.84,take_profit,MT5_BACKFILL,UNKNOWN,
a62bd42ff9675979,ETHUSD,BUY,,2255.77,2255.2,2244.4900000000002,2283.9700000000003,2026-05-01T01:41:27+00:00,2026-05-01T02:15:50+00:00,-5.59,stop_loss,MT5_BACKFILL,UNKNOWN,
67afa7bc6fd00c29,ETHUSD,BUY,,2255.14,2255.53,2243.86,2283.33,2026-05-01T02:14:26+00:00,2026-05-01T02:15:54+00:00,3.9,take_profit,MT5_BACKFILL,UNKNOWN,
73ab690418b8a7aa,HEATOIL.c,BUY,,4.229,4.196,3.63,4.7620000000000005,2026-05-01T02:14:29+00:00,2026-05-01T13:27:35+00:00,-16.5,stop_loss,MT5_BACKFILL,UNKNOWN,
5bebdfb7d16a56d6,ETHUSD,BUY,,2285.33,2282.16,2273.9,2313.9,2026-05-01T11:37:54+00:00,2026-05-01T13:27:54+00:00,-12.05,stop_loss,MT5_BACKFILL,UNKNOWN,
551aeb932d04bc12,AUDUSD,BUY,,0.71978,0.71871,0.7186800000000001,0.72192,2026-05-01T11:37:57+00:00,2026-05-01T12:30:08+00:00,-535.0,stop_loss,MT5_BACKFILL,UNKNOWN,
11f8fa3fd4442df4,NZDUSD,SELL,,0.58957,0.58947,0.59047,0.58782,2026-05-01T11:38:01+00:00,2026-05-01T13:28:08+00:00,11.4,take_profit,MT5_BACKFILL,UNKNOWN,
423cc3fc7ec404c5,USDCAD,BUY,,1.35752,1.35698,1.35546,1.3615700000000002,2026-05-01T11:39:16+00:00,2026-05-01T13:28:04+00:00,-125.75,stop_loss,MT5_BACKFILL,UNKNOWN,
18778e1db4c15a11,ETHUSD,BUY,,2284.67,2281.81,2272.76,2312.73,2026-05-01T11:43:18+00:00,2026-05-01T13:27:57+00:00,-30.03,stop_loss,MT5_BACKFILL,UNKNOWN,
d891da89597047e2,ETHUSD,BUY,,2283.13,2282.3,2271.71,2311.67,2026-05-01T12:38:41+00:00,2026-05-01T13:28:01+00:00,-3.9,stop_loss,MT5_BACKFILL,UNKNOWN,
d2ea779839300221,NZDUSD,SELL,,0.58947,0.59042,0.5903700000000001,0.58772,2026-05-01T14:59:36+00:00,2026-05-01T15:14:19+00:00,-106.4,stop_loss,MT5_BACKFILL,UNKNOWN,
1ed7049b86c17a33,AUDUSD,SELL,,0.71963,0.72076,0.7207300000000001,0.7174900000000001,2026-05-01T14:59:40+00:00,2026-05-01T15:23:41+00:00,-117.52,stop_loss,MT5_BACKFILL,UNKNOWN,
98687f0d95387736,USDJPY,BUY,,156.581,156.336,156.345,157.05,2026-05-01T14:59:33+00:00,2026-05-01T16:51:00+00:00,-62.69,stop_loss,MT5_BACKFILL,UNKNOWN,
9a885cdcc438a38e,ETHUSD,BUY,,2314.86,2303.03,2303.16,2343.66,2026-05-01T16:37:21+00:00,2026-05-01T17:37:18+00:00,-41.41,stop_loss,MT5_BACKFILL,UNKNOWN,
3ab1474c564bc74c,NZDUSD,SELL,,0.59041,0.59133,0.5913200000000001,0.5886600000000001,2026-05-01T16:37:31+00:00,2026-05-01T17:01:40+00:00,-92.92,stop_loss,MT5_BACKFILL,UNKNOWN,
eb6666fd222993e7,AUDUSD,BUY,,0.72072,0.72155,0.71962,0.7228600000000001,2026-05-01T16:37:24+00:00,2026-05-01T19:27:33+00:00,234.06,take_profit,MT5_BACKFILL,UNKNOWN,
3219a8e22d739721,USDCAD,SELL,,1.35572,1.35761,1.3577700000000001,1.3516700000000001,2026-05-01T16:37:28+00:00,2026-05-01T17:56:35+00:00,-332.72,stop_loss,MT5_BACKFILL,UNKNOWN,
fb3c7b65af1de73b,NZDUSD,BUY,,0.59133,0.5904,0.5904200000000001,0.59308,2026-05-01T19:46:58+00:00,2026-05-01T20:49:12+00:00,-243.66,stop_loss,MT5_BACKFILL,UNKNOWN,
ca16a4d307b9b4f1,AUDUSD,BUY,,0.72126,0.72087,0.7201700000000001,0.7234100000000001,2026-05-01T19:47:02+00:00,2026-05-01T20:46:53+00:00,-146.64,stop_loss,MT5_BACKFILL,UNKNOWN,
eb5a2790f2148ade,ETHUSD,BUY,,2298.5,2304.03,2287.01,2327.23,2026-05-01T19:46:54+00:00,2026-05-01T22:30:56+00:00,14.93,take_profit,MT5_BACKFILL,UNKNOWN,
078276c8b847429f,USDCHF,BUY,,0.78472,0.78349,0.7835200000000001,0.78705,2026-04-23T12:28:41+00:00,2026-04-23T17:52:06+00:00,-547.89,stop_loss,MT5_BACKFILL,UNKNOWN,
37eb07eed24dd549,HK50.cash,BUY,,25891.02,25898.18,25787.46,26046.37,2026-04-23T12:30:49+00:00,2026-04-23T20:01:38+00:00,0.13,take_profit,MT5_BACKFILL,UNKNOWN,
5bf8485b5d280d7e,USDJPY,BUY,,159.739,159.495,159.497,160.216,2026-04-23T13:01:05+00:00,2026-04-23T15:06:34+00:00,-382.46,stop_loss,MT5_BACKFILL,UNKNOWN,
e0f39a956fe1a24a,USDJPY,BUY,,159.74,159.496,159.498,160.217,2026-04-23T13:03:10+00:00,2026-04-23T14:52:55+00:00,-341.15,stop_loss,MT5_BACKFILL,UNKNOWN,
7243b9918c56c355,HEATOIL.c,SELL,,3.939,4.013,4.5440000000000005,3.404,2026-04-23T13:58:58+00:00,2026-04-23T18:53:30+00:00,-37.0,stop_loss,MT5_BACKFILL,UNKNOWN,
29aae7b007eb1de6,GBPUSD,SELL,,1.34849,1.35056,1.35053,1.3444600000000002,2026-04-23T14:01:18+00:00,2026-04-23T14:48:09+00:00,-395.37,stop_loss,MT5_BACKFILL,UNKNOWN,
adb0eb0f882e9e5f,UK100.cash,BUY,,10409.45,10434.8,10368.31,10472.41,2026-04-23T14:03:36+00:00,2026-04-23T20:01:45+00:00,170.93,take_profit,MT5_BACKFILL,UNKNOWN,
d0e918c02c7aacae,GBPUSD,SELL,,1.34862,1.3507,1.3506600000000002,1.3445900000000002,2026-04-23T14:03:41+00:00,2026-04-23T14:52:07+00:00,-397.28,stop_loss,MT5_BACKFILL,UNKNOWN,
cccd10fc9199d3f5,GBPUSD,SELL,,1.35052,1.34643,1.3525800000000001,1.3465,2026-04-23T14:48:35+00:00,2026-04-23T20:10:05+00:00,490.8,take_profit,MT5_BACKFILL,UNKNOWN,
904544ba7ce5070d,GBPUSD,SELL,,1.35105,1.347,1.35308,1.3470000000000002,2026-04-23T14:53:11+00:00,2026-04-23T20:09:42+00:00,396.9,take_profit,MT5_BACKFILL,UNKNOWN,
afc2b63172f0ac8c,UKOIL.cash,SELL,,102.658,103.097,103.07900000000001,101.641,2026-04-23T15:01:13+00:00,2026-04-23T15:45:59+00:00,-84.29,stop_loss,MT5_BACKFILL,UNKNOWN,
00b3e9629b721ee7,UKOIL.cash,SELL,,102.828,103.297,103.284,101.84400000000001,2026-04-23T15:46:29+00:00,2026-04-23T15:47:43+00:00,-69.88,stop_loss,MT5_BACKFILL,UNKNOWN,
de4fd3c699006922,USDCHF,BUY,,0.78356,0.78589,0.78234,0.7858700000000001,2026-04-23T17:52:43+00:00,2026-04-23T20:09:32+00:00,85.98,take_profit,MT5_BACKFILL,UNKNOWN,
fd195d74fc0b1390,USDCHF,BUY,,0.78339,0.78573,0.7822000000000001,0.78573,2026-04-23T17:55:08+00:00,2026-04-23T20:08:15+00:00,83.39,take_profit,MT5_BACKFILL,UNKNOWN,
2e4bd89f06b4e7bd,UKOIL.cash,SELL,,102.853,103.327,103.29,101.849,2026-04-23T18:00:40+00:00,2026-04-23T18:06:25+00:00,-79.63,stop_loss,MT5_BACKFILL,UNKNOWN,
39fc87c43aafb7e4,HEATOIL.c,SELL,,3.983,3.999,4.588,3.448,2026-04-23T18:54:24+00:00,2026-04-23T19:54:25+00:00,-8.0,stop_loss,MT5_BACKFILL,UNKNOWN,
93ca7716ac7c5605,USDCHF,BUY,,0.7858,0.78633,0.7846200000000001,0.7881600000000001,2026-04-23T20:08:33+00:00,2026-04-23T20:11:12+00:00,6.74,take_profit,MT5_BACKFILL,UNKNOWN,
a4fc03097a3f2c32,USDCHF,BUY,,0.78644,0.78525,0.7852600000000001,0.7888000000000001,2026-04-23T20:10:52+00:00,2026-04-23T21:02:42+00:00,-13.64,stop_loss,MT5_BACKFILL,UNKNOWN,
624b284d9d146994,USDCHF,BUY,,0.78654,0.78532,0.7853600000000001,0.7889,2026-04-23T20:13:05+00:00,2026-04-23T21:01:55+00:00,-13.98,stop_loss,MT5_BACKFILL,UNKNOWN,
dc189f337d8743d4,HEATOIL.c,SELL,,4.055,4.128,4.66,3.52,2026-04-23T20:37:55+00:00,2026-04-24T13:16:08+00:00,-36.5,stop_loss,MT5_BACKFILL,UNKNOWN,
acabb6d648cd6404,UKOIL.cash,SELL,,107.433,107.847,107.873,106.369,2026-04-23T20:43:23+00:00,2026-04-23T20:46:42+00:00,-77.83,stop_loss,MT5_BACKFILL,UNKNOWN,
6d091462e9df1ada,USDCAD,BUY,,1.37108,1.36897,1.3690000000000002,1.37517,2026-04-23T20:44:30+00:00,2026-04-23T21:30:13+00:00,-437.73,stop_loss,MT5_BACKFILL,UNKNOWN,
85fea61185cb986b,USDCAD,BUY,,1.37146,1.36932,1.36938,1.37555,2026-04-23T20:46:51+00:00,2026-04-23T21:01:54+00:00,-443.84,stop_loss,MT5_BACKFILL,UNKNOWN,
27479aa7d2d69c6e,UKOIL.cash,SELL,,107.703,106.562,108.144,106.636,2026-04-23T20:46:56+00:00,2026-04-23T20:53:17+00:00,211.09,take_profit,MT5_BACKFILL,UNKNOWN,
9e5daedc2980d1a6,UKOIL.cash,SELL,,105.338,105.787,105.749,104.275,2026-04-23T20:53:30+00:00,2026-04-23T20:53:46+00:00,-82.62,stop_loss,MT5_BACKFILL,UNKNOWN,
a0a65d2c011e5593,UKOIL.cash,SELL,,105.953,104.907,106.382,104.898,2026-04-23T20:55:35+00:00,2026-04-23T21:01:55+00:00,192.46,take_profit,MT5_BACKFILL,UNKNOWN,
e968240f91b57b12,USDJPY,BUY,,159.556,159.681,159.315,160.03300000000002,2026-04-23T21:00:17+00:00,2026-04-24T13:44:41+00:00,136.99,take_profit,MT5_BACKFILL,UNKNOWN,
af9e97ac96ee852b,GBPUSD,SELL,,1.34775,1.34848,1.3497700000000001,1.3437100000000002,2026-04-23T21:00:21+00:00,2026-04-24T13:16:13+00:00,-51.83,stop_loss,MT5_BACKFILL,UNKNOWN,
9f96094454551223,USDJPY,BUY,,159.556,159.538,159.317,160.035,2026-04-23T21:02:30+00:00,2026-04-24T14:17:12+00:00,-4.51,stop_loss,MT5_BACKFILL,UNKNOWN,
4d7ce20e6709dc99,GBPUSD,SELL,,1.34778,1.34847,1.34979,1.34373,2026-04-23T21:02:34+00:00,2026-04-24T13:16:12+00:00,-48.3,stop_loss,MT5_BACKFILL,UNKNOWN,
58321e3841779603,USDCHF,BUY,,0.78628,0.78625,0.7850800000000001,0.7886200000000001,2026-04-24T01:11:25+00:00,2026-04-24T14:17:44+00:00,-4.62,stop_loss,MT5_BACKFILL,UNKNOWN,
3957260b9c84eaa0,USDCHF,BUY,,0.78635,0.78624,0.78515,0.7886900000000001,2026-04-24T01:13:39+00:00,2026-04-24T14:17:34+00:00,-18.33,stop_loss,MT5_BACKFILL,UNKNOWN,
9ca006cfca75496a,JP225.cash,BUY,,59181.0,59361.0,59092.23,59358.54,2026-04-24T02:48:15+00:00,2026-04-24T02:59:58+00:00,56.33,take_profit,MT5_BACKFILL,UNKNOWN,
272297cbb5e67fa7,JP225.cash,BUY,,59524.27,59431.0,59431.72,59699.56,2026-04-24T03:01:30+00:00,2026-04-24T03:02:29+00:00,-29.19,stop_loss,MT5_BACKFILL,UNKNOWN,
4a8e882095cb97f3,JP225.cash,BUY,,59356.0,59266.0,59266.97,59534.07,2026-04-24T03:04:03+00:00,2026-04-24T03:04:28+00:00,-28.17,stop_loss,MT5_BACKFILL,UNKNOWN,
709c1b93bfba3dcd,JP225.cash,BUY,,59648.5,59561.0,59559.03,59827.450000000004,2026-04-24T03:30:50+00:00,2026-04-24T03:32:00+00:00,-27.4,stop_loss,MT5_BACKFILL,UNKNOWN,
17df69a625ff23b5,JP225.cash,BUY,,59571.0,59481.0,59481.64,59749.71,2026-04-24T03:33:15+00:00,2026-04-24T03:42:02+00:00,-28.17,stop_loss,MT5_BACKFILL,UNKNOWN,
9a419afd698fd63f,HK50.cash,BUY,,25896.72,25909.18,25793.63,26052.600000000002,2026-04-24T08:06:05+00:00,2026-04-24T13:16:42+00:00,7.95,take_profit,MT5_BACKFILL,UNKNOWN,
c8367d061ef60cdf,UK100.cash,BUY,,10402.05,10387.7,10359.45,10463.460000000001,2026-04-24T10:00:36+00:00,2026-04-24T13:16:19+00:00,-96.75,stop_loss,MT5_BACKFILL,UNKNOWN,
cf6597adf1f9067d,UK100.cash,BUY,,10389.55,10426.2,10347.99,10451.89,2026-04-24T13:16:41+00:00,2026-04-24T14:17:29+00:00,247.27,take_profit,MT5_BACKFILL,UNKNOWN,
dd93d5370b398e09,UK100.cash,BUY,,10425.05,10407.2,10383.35,10487.6,2026-04-24T15:03:36+00:00,2026-04-24T16:25:57+00:00,-120.44,stop_loss,MT5_BACKFILL,UNKNOWN,
7ae7f2fc1f3990fb,GBPUSD,BUY,,1.34981,1.34944,1.34776,1.35383,2026-04-24T15:03:40+00:00,2026-04-24T16:26:08+00:00,-185.0,stop_loss,MT5_BACKFILL,UNKNOWN,
cc49315e9a5ecadb,USDCHF,BUY,,0.78522,0.78689,0.78402,0.78756,2026-04-24T15:03:44+00:00,2026-04-24T16:50:13+00:00,1061.14,take_profit,MT5_BACKFILL,UNKNOWN,
fe82da5a935d2c50,USDCAD,BUY,,1.36799,1.3689,1.36593,1.3720800000000002,2026-04-24T15:04:50+00:00,2026-04-24T17:13:38+00:00,332.38,take_profit,MT5_BACKFILL,UNKNOWN,
7e81c1e5dd67f3ef,GBPUSD,BUY,,1.34985,1.34941,1.34782,1.35389,2026-04-24T15:05:42+00:00,2026-04-24T16:26:09+00:00,-194.48,stop_loss,MT5_BACKFILL,UNKNOWN,
ebeeb163bc37eb39,USDCHF,BUY,,0.78522,0.78687,0.78402,0.78756,2026-04-24T15:06:33+00:00,2026-04-24T16:50:16+00:00,981.36,take_profit,MT5_BACKFILL,UNKNOWN,
c13656b99485be59,USDCHF,BUY,,0.78498,0.78483,0.78378,0.7873100000000001,2026-04-24T19:41:02+00:00,2026-04-24T19:52:05+00:00,-82.37,stop_loss,MT5_BACKFILL,UNKNOWN,
26d0537d80c315d1,USDJPY,BUY,,159.368,159.363,159.129,159.846,2026-04-24T19:41:06+00:00,2026-04-24T19:51:46+00:00,-2.67,stop_loss,MT5_BACKFILL,UNKNOWN,
160f24bbd7b574f8,USDCHF,BUY,,0.78505,0.78487,0.7838700000000001,0.78741,2026-04-24T19:43:18+00:00,2026-04-24T19:52:03+00:00,-22.7,stop_loss,MT5_BACKFILL,UNKNOWN,
b5cdda9c25d7cc87,USDJPY,BUY,,159.405,159.363,159.166,159.883,2026-04-24T19:44:04+00:00,2026-04-24T19:51:44+00:00,-18.98,stop_loss,MT5_BACKFILL,UNKNOWN,
465cb9f056a304ac,ETHUSD,BUY,,2312.4,2314.71,2300.84,2341.31,2026-04-27T15:38:35+00:00,2026-04-27T15:48:31+00:00,17.56,take_profit,MT5_BACKFILL,UNKNOWN,
8541714505705546,USDJPY,BUY,,159.153,159.142,158.912,159.62800000000001,2026-04-27T15:38:39+00:00,2026-04-27T15:48:16+00:00,-12.23,stop_loss,MT5_BACKFILL,UNKNOWN,
ac2f0ab31153ad9a,AUDUSD,BUY,,0.71883,0.71913,0.7177300000000001,0.7209700000000001,2026-04-27T15:38:42+00:00,2026-04-27T15:48:20+00:00,150.0,take_profit,MT5_BACKFILL,UNKNOWN,
c037936c99db940e,EURUSD,BUY,,1.17462,1.17489,1.17284,1.17812,2026-04-27T15:38:46+00:00,2026-04-27T15:48:12+00:00,131.76,take_profit,MT5_BACKFILL,UNKNOWN,
6493b01809b52de7,GBPCHF,BUY,,1.06378,1.06366,1.0611000000000002,1.06775,2026-04-27T15:38:50+00:00,2026-04-27T15:48:42+00:00,-38.26,stop_loss,MT5_BACKFILL,UNKNOWN,
9437fe2bd749c5bc,GBPUSD,BUY,,1.35646,1.35649,1.3544100000000001,1.36051,2026-04-27T15:38:53+00:00,2026-04-27T15:48:10+00:00,11.49,take_profit,MT5_BACKFILL,UNKNOWN,
abb674c9344e886e,NZDUSD,BUY,,0.59166,0.592,0.59075,0.59341,2026-04-27T15:38:57+00:00,2026-04-27T15:48:47+00:00,170.0,take_profit,MT5_BACKFILL,UNKNOWN,
bb026ac407da2926,USDCAD,SELL,,1.36058,1.36016,1.36264,1.3565200000000002,2026-04-27T15:39:01+00:00,2026-04-27T15:48:44+00:00,154.39,take_profit,MT5_BACKFILL,UNKNOWN,
bc769cefcf5acae9,USOIL.cash,SELL,,97.862,98.285,98.263,96.893,2026-04-27T15:39:05+00:00,2026-04-27T15:41:39+00:00,-211.5,stop_loss,MT5_BACKFILL,UNKNOWN,
99b99dd2af604dc1,USDCHF,SELL,,0.78418,0.7853800000000001,0.7853800000000001,0.78185,2026-04-27T15:39:08+00:00,2026-04-27T15:48:37+00:00,-12.000000000000899,stop_loss,MT5_BACKFILL,UNKNOWN,
b0db7176f4111238,UK100.cash,SELL,,10366.9,10361.25,10408.37,10304.7,2026-04-27T15:39:12+00:00,2026-04-27T15:48:29+00:00,38.32,take_profit,MT5_BACKFILL,UNKNOWN,
17f884f7f0135e85,ETHUSD,BUY,,2312.65,2314.71,2301.17,2341.64,2026-04-27T15:41:30+00:00,2026-04-27T15:48:33+00:00,15.24,take_profit,MT5_BACKFILL,UNKNOWN,
c72e01a0702ebd1d,AUDUSD,BUY,,0.71902,0.71915,0.7179200000000001,0.72116,2026-04-27T15:41:34+00:00,2026-04-27T15:48:23+00:00,19.5,take_profit,MT5_BACKFILL,UNKNOWN,
1380ca6b562de071,EURUSD,BUY,,1.17474,1.17488,1.17296,1.1782400000000002,2026-04-27T15:41:37+00:00,2026-04-27T15:48:13+00:00,19.04,take_profit,MT5_BACKFILL,UNKNOWN,
4a0e2772b2a6aa0b,USDJPY,BUY,,159.186,159.144,158.946,159.663,2026-04-27T15:42:12+00:00,2026-04-27T15:48:18+00:00,-19.27,stop_loss,MT5_BACKFILL,UNKNOWN,
7b048f11e131d3e7,USDCHF,BUY,,0.78424,0.78409,0.7830400000000001,0.7865700000000001,2026-04-27T15:42:16+00:00,2026-04-27T15:48:35+00:00,-40.37,stop_loss,MT5_BACKFILL,UNKNOWN,
cf857ea9f2b039be,GBPUSD,SELL,,1.3565,1.35654,1.35853,1.35243,2026-04-27T15:43:24+00:00,2026-04-27T15:50:10+00:00,-3.24,stop_loss,MT5_BACKFILL,UNKNOWN,
c4969b6b9e0df5ce,GBPCHF,SELL,,1.06365,1.06381,1.06631,1.05966,2026-04-27T15:43:50+00:00,2026-04-27T15:48:41+00:00,-9.18,stop_loss,MT5_BACKFILL,UNKNOWN,
2247b88d00e09295,USOIL.cash,BUY,,98.305,97.942,97.902,99.278,2026-04-27T15:44:53+00:00,2026-04-27T15:48:24+00:00,-160.45,stop_loss,MT5_BACKFILL,UNKNOWN,
53fda3878bb83d5e,USDJPY,SELL,,159.945,159.86,160.184,159.464,2026-06-04T02:20:12+00:00,2026-06-04T16:36:59+00:00,13.29,take_profit,RECON_MT5,LIVE,
8c83c8e0726c3af8,AUDUSD,BUY,,0.71307,0.71399,0.71199,0.7152,2026-06-04T02:21:06+00:00,2026-06-04T17:09:36+00:00,46.0,take_profit,RECON_MT5,LIVE,
ebe00609ac1d420f,EURUSD,BUY,,1.085,1.086,1.0825,1.091,2026-06-23T09:43:42.849270+00:00,2026-06-23T09:43:42.849277+00:00,10.0,take_profit,LiveTrading,TRENDING,M15
c0f381fe1971969d,EURUSD,BUY,,1.085,1.086,1.0825,1.091,2026-06-23T09:50:42.488047+00:00,2026-06-23T09:50:42.488055+00:00,10.0,take_profit,LiveTrading,TRENDING,M15
1b0d1594f3145a62,EURUSD,BUY,,1.085,1.086,1.0825,1.091,2026-06-23T09:53:42.040477+00:00,2026-06-23T09:53:42.040483+00:00,10.0,take_profit,LiveTrading,TRENDING,M15
9c0204ecde0f1f02,EURUSD,BUY,,1.085,1.086,1.0825,1.091,2026-06-23T10:37:13.481471+00:00,2026-06-23T10:37:13.481477+00:00,10.0,take_profit,LiveTrading,TRENDING,M15
